{"num_policies": [1, 2, 3, 4, 5, 6, 7, 8, 9, 10, 11, 12, 13, 14, 15, 16, 17, 18, 19, 20, 21, 22, 23, 24, 25, 26, 27, 28, 29, 30, 31, 32, 33, 34, 35, 36, 37, 38, 39, 40, 41, 42, 43, 44, 45, 46, 47, 48, 49, 50, 51], "exploitability": [2.5, 2.5, 2.499930118294321, 2.4998869017191243, 2.499935392179207, 2.499908737395967, 2.492388234478402, 2.4994256102739887, 2.3050930110963854, 2.499630367194523, 2.499584193664951, 2.398088016755921, 2.4986547792928704, 2.475224980243474, 2.3331764629583693, 2.4678960320540924, 2.494127857932949, 2.414134574694012, 2.4311988142367875, 2.392288341662987, 2.4204338641900236, 2.410788908646703, 2.3114284716039126, 2.413585024528281, -1, -1, -1, -1, -1, -1, -1, -1, -1, -1, -1, -1, -1, -1, -1, -1, -1, -1, -1, -1, -1, -1, -1, -1, -1, -1, -1], "timesteps": [0.0, 1503232.0, 3004416.0, 4505600.0, 6006784.0, 7507968.0, 9009152.0, 10510336.0, 12011520.0, 13512704.0, 15013888.0, 16515072.0, 18016256.0, 19517440.0, 21018624.0, 22519808.0, 24020992.0, 25522176.0, 27023360.0, 28524544.0, 30025728.0, 31526912.0, 33028096.0, 34529280.0, 36030464.0, 37531648.0, 39032832.0, 40534016.0, 42035200.0, 43536384.0, 45037568.0, 46538752.0, 48039936.0, 49541120.0, 51042304.0, 52543488.0, 54044672.0, 55545856.0, 57047040.0, 58548224.0, 60049408.0, 61550592.0, 63051776.0, 64552960.0, 66054144.0, 67555328.0, 69056512.0, 70557696.0, 72058880.0, 73560064.0, 75061248.0], "episodes": [0.0, 156635.0, 311967.0, 467043.0, 620814.0, 774353.0, 929819.0, 1083534.0, 1234018.0, 1383849.0, 1534928.0, 1684602.0, 1838050.0, 1988683.0, 2139682.0, 2289450.0, 2438342.0, 2586757.0, 2736651.0, 2884895.0, 3033829.0, 3183337.0, 3331497.0, 3479216.0, 3627652.0, 3776716.0, 3925492.0, 4075522.0, 4224267.0, 4374494.0, 4522433.0, 4671560.0, 4820494.0, 4969406.0, 5118175.0, 5265687.0, 5414741.0, 5563116.0, 5711843.0, 5862066.0, 6010693.0, 6160136.0, 6309685.0, 6459254.0, 6607565.0, 6756849.0, 6904937.0, 7054055.0, 7203044.0, 7352964.0, 7501831.0], "payoff_table_checkpoint_num": [1, 3, 5, 7, 9, 11, 13, 15, 17, 19, 21, 23, 25, 27, 29, 31, 33, 35, 37, 39, 41, 43, 45, 47, 49, 51, 53, 55, 57, 59, 61, 63, 65, 67, 69, 71, 73, 75, 77, 79, 81, 83, 85, 87, 89, 91, 93, 95, 97, 99, 101], "payoff_table_checkpoint_path": ["/home/jblanier/git/grl/grl/data/battleship_psro_dqn/manager_01.37.01AM_May-16-2022/payoff_table_checkpoints/payoff_table_checkpoint_1.json", "/home/jblanier/git/grl/grl/data/battleship_psro_dqn/manager_01.37.01AM_May-16-2022/payoff_table_checkpoints/payoff_table_checkpoint_3.json", "/home/jblanier/git/grl/grl/data/battleship_psro_dqn/manager_01.37.01AM_May-16-2022/payoff_table_checkpoints/payoff_table_checkpoint_5.json", "/home/jblanier/git/grl/grl/data/battleship_psro_dqn/manager_01.37.01AM_May-16-2022/payoff_table_checkpoints/payoff_table_checkpoint_7.json", "/home/jblanier/git/grl/grl/data/battleship_psro_dqn/manager_01.37.01AM_May-16-2022/payoff_table_checkpoints/payoff_table_checkpoint_9.json", "/home/jblanier/git/grl/grl/data/battleship_psro_dqn/manager_01.37.01AM_May-16-2022/payoff_table_checkpoints/payoff_table_checkpoint_11.json", "/home/jblanier/git/grl/grl/data/battleship_psro_dqn/manager_01.37.01AM_May-16-2022/payoff_table_checkpoints/payoff_table_checkpoint_13.json", "/home/jblanier/git/grl/grl/data/battleship_psro_dqn/manager_01.37.01AM_May-16-2022/payoff_table_checkpoints/payoff_table_checkpoint_15.json", "/home/jblanier/git/grl/grl/data/battleship_psro_dqn/manager_01.37.01AM_May-16-2022/payoff_table_checkpoints/payoff_table_checkpoint_17.json", "/home/jblanier/git/grl/grl/data/battleship_psro_dqn/manager_01.37.01AM_May-16-2022/payoff_table_checkpoints/payoff_table_checkpoint_19.json", "/home/jblanier/git/grl/grl/data/battleship_psro_dqn/manager_01.37.01AM_May-16-2022/payoff_table_checkpoints/payoff_table_checkpoint_21.json", "/home/jblanier/git/grl/grl/data/battleship_psro_dqn/manager_01.37.01AM_May-16-2022/payoff_table_checkpoints/payoff_table_checkpoint_23.json", "/home/jblanier/git/grl/grl/data/battleship_psro_dqn/manager_01.37.01AM_May-16-2022/payoff_table_checkpoints/payoff_table_checkpoint_25.json", "/home/jblanier/git/grl/grl/data/battleship_psro_dqn/manager_01.37.01AM_May-16-2022/payoff_table_checkpoints/payoff_table_checkpoint_27.json", "/home/jblanier/git/grl/grl/data/battleship_psro_dqn/manager_01.37.01AM_May-16-2022/payoff_table_checkpoints/payoff_table_checkpoint_29.json", "/home/jblanier/git/grl/grl/data/battleship_psro_dqn/manager_01.37.01AM_May-16-2022/payoff_table_checkpoints/payoff_table_checkpoint_31.json", "/home/jblanier/git/grl/grl/data/battleship_psro_dqn/manager_01.37.01AM_May-16-2022/payoff_table_checkpoints/payoff_table_checkpoint_33.json", "/home/jblanier/git/grl/grl/data/battleship_psro_dqn/manager_01.37.01AM_May-16-2022/payoff_table_checkpoints/payoff_table_checkpoint_35.json", "/home/jblanier/git/grl/grl/data/battleship_psro_dqn/manager_01.37.01AM_May-16-2022/payoff_table_checkpoints/payoff_table_checkpoint_37.json", "/home/jblanier/git/grl/grl/data/battleship_psro_dqn/manager_01.37.01AM_May-16-2022/payoff_table_checkpoints/payoff_table_checkpoint_39.json", "/home/jblanier/git/grl/grl/data/battleship_psro_dqn/manager_01.37.01AM_May-16-2022/payoff_table_checkpoints/payoff_table_checkpoint_41.json", "/home/jblanier/git/grl/grl/data/battleship_psro_dqn/manager_01.37.01AM_May-16-2022/payoff_table_checkpoints/payoff_table_checkpoint_43.json", "/home/jblanier/git/grl/grl/data/battleship_psro_dqn/manager_01.37.01AM_May-16-2022/payoff_table_checkpoints/payoff_table_checkpoint_45.json", "/home/jblanier/git/grl/grl/data/battleship_psro_dqn/manager_01.37.01AM_May-16-2022/payoff_table_checkpoints/payoff_table_checkpoint_47.json", "/home/jblanier/git/grl/grl/data/battleship_psro_dqn/manager_08.10.18PM_May-17-2022/payoff_table_checkpoints/payoff_table_checkpoint_49.json", "/home/jblanier/git/grl/grl/data/battleship_psro_dqn/manager_08.10.18PM_May-17-2022/payoff_table_checkpoints/payoff_table_checkpoint_51.json", "/home/jblanier/git/grl/grl/data/battleship_psro_dqn/manager_08.10.18PM_May-17-2022/payoff_table_checkpoints/payoff_table_checkpoint_53.json", "/home/jblanier/git/grl/grl/data/battleship_psro_dqn/manager_08.10.18PM_May-17-2022/payoff_table_checkpoints/payoff_table_checkpoint_55.json", "/home/jblanier/git/grl/grl/data/battleship_psro_dqn/manager_08.10.18PM_May-17-2022/payoff_table_checkpoints/payoff_table_checkpoint_57.json", "/home/jblanier/git/grl/grl/data/battleship_psro_dqn/manager_08.10.18PM_May-17-2022/payoff_table_checkpoints/payoff_table_checkpoint_59.json", "/home/jblanier/git/grl/grl/data/battleship_psro_dqn/manager_08.10.18PM_May-17-2022/payoff_table_checkpoints/payoff_table_checkpoint_61.json", "/home/jblanier/git/grl/grl/data/battleship_psro_dqn/manager_08.10.18PM_May-17-2022/payoff_table_checkpoints/payoff_table_checkpoint_63.json", "/home/jblanier/git/grl/grl/data/battleship_psro_dqn/manager_08.10.18PM_May-17-2022/payoff_table_checkpoints/payoff_table_checkpoint_65.json", "/home/jblanier/git/grl/grl/data/battleship_psro_dqn/manager_08.10.18PM_May-17-2022/payoff_table_checkpoints/payoff_table_checkpoint_67.json", "/home/jblanier/git/grl/grl/data/battleship_psro_dqn/manager_08.10.18PM_May-17-2022/payoff_table_checkpoints/payoff_table_checkpoint_69.json", "/home/jblanier/git/grl/grl/data/battleship_psro_dqn/manager_08.10.18PM_May-17-2022/payoff_table_checkpoints/payoff_table_checkpoint_71.json", "/home/jblanier/git/grl/grl/data/battleship_psro_dqn/manager_08.10.18PM_May-17-2022/payoff_table_checkpoints/payoff_table_checkpoint_73.json", "/home/jblanier/git/grl/grl/data/battleship_psro_dqn/manager_08.10.18PM_May-17-2022/payoff_table_checkpoints/payoff_table_checkpoint_75.json", "/home/jblanier/git/grl/grl/data/battleship_psro_dqn/manager_08.10.18PM_May-17-2022/payoff_table_checkpoints/payoff_table_checkpoint_77.json", "/home/jblanier/git/grl/grl/data/battleship_psro_dqn/manager_08.10.18PM_May-17-2022/payoff_table_checkpoints/payoff_table_checkpoint_79.json", 