{"num_policies": [1, 2, 3, 4, 5, 6, 7, 8, 9, 10, 11, 12, 13, 14, 15, 16, 17, 18, 19, 20, 21, 22, 23, 24, 25, 26, 27, 28, 29, 30, 31, 32, 33, 34, 35, 36, 37, 38, 39, 40, 41, 42, 43, 44, 45, 46, 47, 48, 49, 50, 51, 52, 53, 54, 55, 56, 57, 58, 59, 60, 61, 62, 63, 64, 65, 66, 67, 68, 69, 70, 71, 72, 73, 74, 75, 76, 77, 78, 79, 80, 81, 82, 83, 84, 85, 86, 87, 88], "exploitability": [9.999816539768851, 9.009344535777567, 9.003450293674309, 8.608532395966723, 8.806012905864185, 8.492606658744055, 8.479586460157112, 8.310633381943767, 8.258595750055335, 8.360603450057178, 8.278190561180551, 7.901142519459912, 6.931228486163228, 7.4368592654724255, 7.739790646797314, 7.227961782568414, 7.205585612940498, 6.43196417544568, 7.4186941162984645, 7.000291078638431, 6.454321909024438, 6.307129849597405, 6.8880525405112305, 5.906218639427214, 6.196573781176843, 7.506253607585421, 5.626826556446677, 5.588383666336094, 5.514806537472416, 5.745602595829078, 6.145824924027082, 5.4384085504236115, 5.87924992299045, 5.178704872518466, 4.989605139319087, 5.658807314790145, 5.843276053420023, 8.824910737312393, 5.710010383181192, 7.36735761221694, 5.523537994731823, 7.0732640672856935, 4.759592793483753, 6.78135879207945, 5.974433035106445, 4.873618380251795, 4.3098231168869425, 5.728385917924548, 4.390480738789437, 5.489004335482674, 5.391535418666725, 6.4635223108078, 4.518818993998517, 4.852802017762594, 5.211068859549751, 3.78838658450821, 4.291989156003552, 3.9527813060269925, 4.728500714604079, 5.829528101987957, 3.775807139151497, 3.9644817072385106, 3.7879965444399684, 5.883930226472521, 4.174486930893152, 5.021745901875896, 4.798754057026143, 4.171934866300773, 4.8626883569828, 3.7634529937342975, 4.925542381818174, 4.543935997353879, 4.230170025610063, 4.993121120436234, 4.594027359777247, 3.8591135710560716, 4.753100642096717, 3.6786021339353114, 3.9591222668522796, 4.508834326936828, 3.5206505932433645, 3.94567056322851, 4.544369027836272, 4.830478768182825, 4.474440585387557, 3.9267061716609755, 4.11806576683165, 3.260629669547174], "timesteps": [2002944.0, 4005888.0, 6008832.0, 8011776.0, 10014720.0, 12017664.0, 14020608.0, 16023552.0, 18026496.0, 20029440.0, 22032384.0, 24035328.0, 26038272.0, 28041216.0, 30044160.0, 32047104.0, 34050048.0, 36052992.0, 38055936.0, 40058880.0, 42061824.0, 44064768.0, 46067712.0, 48070656.0, 50073600.0, 52076544.0, 54079488.0, 56082432.0, 58085376.0, 60088320.0, 62091264.0, 64094208.0, 66097152.0, 68100096.0, 70103040.0, 72105984.0, 74108928.0, 76111872.0, 78114816.0, 80117760.0, 82120704.0, 84123648.0, 86126592.0, 88129536.0, 90132480.0, 92135424.0, 94138368.0, 96141312.0, 98144256.0, 100147200.0, 102150144.0, 104153088.0, 106156032.0, 108158976.0, 110161920.0, 112164864.0, 114167808.0, 116170752.0, 118173696.0, 120176640.0, 122179584.0, 124182528.0, 126185472.0, 128188416.0, 130191360.0, 132194304.0, 134197248.0, 136200192.0, 138203136.0, 140206080.0, 142209024.0, 144211968.0, 146214912.0, 148217856.0, 150220800.0, 152223744.0, 154226688.0, 156229632.0, 158232576.0, 160235520.0, 162238464.0, 164241408.0, 166244352.0, 168247296.0, 170250240.0, 172253184.0, 174256128.0, 176259072.0], "episodes": [200288.0, 400576.0, 600864.0, 801152.0, 1001440.0, 1201728.0, 1402016.0, 1602304.0, 1802592.0, 2002880.0, 2203168.0, 2403456.0, 2603744.0, 2804032.0, 3004320.0, 3204608.0, 3404896.0, 3605184.0, 3805472.0, 4005760.0, 4206048.0, 4406336.0, 4606624.0, 4806912.0, 5007200.0, 5207488.0, 5407776.0, 5608064.0, 5808352.0, 6008640.0, 6208928.0, 6409216.0, 6609504.0, 6809792.0, 7010080.0, 7210368.0, 7410656.0, 7610944.0, 7811232.0, 8011520.0, 8211808.0, 8412096.0, 8612384.0, 8812672.0, 9012960.0, 9213248.0, 9413536.0, 9613824.0, 9814112.0, 10014400.0, 10214688.0, 10414976.0, 10615264.0, 10815552.0, 11015840.0, 11216128.0, 11416416.0, 11616704.0, 11816992.0, 12017280.0, 12217568.0, 12417856.0, 12618144.0, 12818432.0, 13018720.0, 13219008.0, 13419296.0, 13619584.0, 13819872.0, 14020160.0, 14220448.0, 14420736.0, 14621024.0, 14821312.0, 15021600.0, 15221888.0, 15422176.0, 15622464.0, 15822752.0, 16023040.0, 16223328.0, 16423616.0, 16623904.0, 16824192.0, 17024480.0, 17224768.0, 17425056.0, 17625344.0]}