{"timesteps_total": 2048, "episodes_total": 204, "approx_exploitability": 9.304273154541757}
{"timesteps_total": 5120000, "episodes_total": 512000, "approx_exploitability": 15.310645545523252}
{"timesteps_total": 10240000, "episodes_total": 1024000, "approx_exploitability": 15.775131966353253}
{"timesteps_total": 15360000, "episodes_total": 1536000, "approx_exploitability": 13.657021475206584}
{"timesteps_total": 20480000, "episodes_total": 2048000, "approx_exploitability": 16.69401510022711}
{"timesteps_total": 25600000, "episodes_total": 2560000, "approx_exploitability": 10.843664411976375}
{"timesteps_total": 30720000, "episodes_total": 3072000, "approx_exploitability": 10.502700529695954}
{"timesteps_total": 35840000, "episodes_total": 3584000, "approx_exploitability": 13.206106730291108}
{"timesteps_total": 40960000, "episodes_total": 4096000, "approx_exploitability": 17.6020628430984}
{"timesteps_total": 46080000, "episodes_total": 4608000, "approx_exploitability": 16.413094960863233}
{"timesteps_total": 51200000, "episodes_total": 5120000, "approx_exploitability": 10.25586462189823}
{"timesteps_total": 56320000, "episodes_total": 5632000, "approx_exploitability": 7.087231771931495}
{"timesteps_total": 61440000, "episodes_total": 6144000, "approx_exploitability": 11.597350553267496}
{"timesteps_total": 66560000, "episodes_total": 6656000, "approx_exploitability": 10.149172803870787}
{"timesteps_total": 71680000, "episodes_total": 7168000, "approx_exploitability": 12.449065841422625}
{"timesteps_total": 76800000, "episodes_total": 7680000, "approx_exploitability": 11.55340908785836}
{"timesteps_total": 81920000, "episodes_total": 8192000, "approx_exploitability": 13.559403022617008}
{"timesteps_total": 87040000, "episodes_total": 8704000, "approx_exploitability": 12.317300937029348}
{"timesteps_total": 92160000, "episodes_total": 9216000, "approx_exploitability": 12.9457944711579}
{"timesteps_total": 97280000, "episodes_total": 9728000, "approx_exploitability": 11.245116305098591}
{"timesteps_total": 102400000, "episodes_total": 10240000, "approx_exploitability": 13.207175384397292}
{"timesteps_total": 107520000, "episodes_total": 10752000, "approx_exploitability": 8.907185502911359}
{"timesteps_total": 112640000, "episodes_total": 11264000, "approx_exploitability": 9.346749676424452}
{"timesteps_total": 117760000, "episodes_total": 11776000, "approx_exploitability": 12.275755010324485}
{"timesteps_total": 122880000, "episodes_total": 12288000, "approx_exploitability": 8.563153472173191}
{"timesteps_total": 128000000, "episodes_total": 12800000, "approx_exploitability": 8.918111203728685}
{"timesteps_total": 133120000, "episodes_total": 13312000, "approx_exploitability": 9.582231999767199}
{"timesteps_total": 138240000, "episodes_total": 13824000, "approx_exploitability": 8.246277409485984}
{"timesteps_total": 143360000, "episodes_total": 14336000, "approx_exploitability": 10.563907090016617}
{"timesteps_total": 148480000, "episodes_total": 14848000, "approx_exploitability": 10.945402133173356}
{"timesteps_total": 153600000, "episodes_total": 15360000, "approx_exploitability": 13.40610541446344}
{"timesteps_total": 158720000, "episodes_total": 15872000, "approx_exploitability": 15.470875622397568}
{"timesteps_total": 163840000, "episodes_total": 16384000, "approx_exploitability": 11.975901512493774}
{"timesteps_total": 168960000, "episodes_total": 16896000, "approx_exploitability": 14.633674320796738}
{"timesteps_total": 174080000, "episodes_total": 17408000, "approx_exploitability": 13.215719405844993}
{"timesteps_total": 179200000, "episodes_total": 17920000, "approx_exploitability": 8.970698993999}
{"timesteps_total": 184320000, "episodes_total": 18432000, "approx_exploitability": 10.030218773184856}
{"timesteps_total": 189440000, "episodes_total": 18944000, "approx_exploitability": 9.44264769057401}
{"timesteps_total": 194560000, "episodes_total": 19456000, "approx_exploitability": 12.830768782958808}
{"timesteps_total": 199680000, "episodes_total": 19968000, "approx_exploitability": 11.90084119102955}
{"timesteps_total": 204800000, "episodes_total": 20480000, "approx_exploitability": 11.98376599932164}
{"timesteps_total": 209920000, "episodes_total": 20992000, "approx_exploitability": 10.256679363611493}
{"timesteps_total": 215040000, "episodes_total": 21504000, "approx_exploitability": 14.064264882590017}
{"timesteps_total": 220160000, "episodes_total": 22016000, "approx_exploitability": 11.105843792495667}
