{"timesteps_total": 2048, "episodes_total": 204, "approx_exploitability": 9.217627509930242}
{"timesteps_total": 5120000, "episodes_total": 512000, "approx_exploitability": 16.620445510706723}
{"timesteps_total": 10240000, "episodes_total": 1024000, "approx_exploitability": 15.499867834655685}
{"timesteps_total": 15360000, "episodes_total": 1536000, "approx_exploitability": 16.20431647554794}
{"timesteps_total": 20480000, "episodes_total": 2048000, "approx_exploitability": 14.183140728160529}
{"timesteps_total": 25600000, "episodes_total": 2560000, "approx_exploitability": 11.060619919924253}
{"timesteps_total": 30720000, "episodes_total": 3072000, "approx_exploitability": 13.440973428674067}
{"timesteps_total": 35840000, "episodes_total": 3584000, "approx_exploitability": 10.392109232796821}
{"timesteps_total": 40960000, "episodes_total": 4096000, "approx_exploitability": 12.330543208532873}
{"timesteps_total": 46080000, "episodes_total": 4608000, "approx_exploitability": 9.014341356191157}
{"timesteps_total": 51200000, "episodes_total": 5120000, "approx_exploitability": 10.354476226501632}
{"timesteps_total": 56320000, "episodes_total": 5632000, "approx_exploitability": 14.037587014128361}
{"timesteps_total": 61440000, "episodes_total": 6144000, "approx_exploitability": 9.133370712069073}
{"timesteps_total": 66560000, "episodes_total": 6656000, "approx_exploitability": 11.824083359285794}
{"timesteps_total": 71680000, "episodes_total": 7168000, "approx_exploitability": 8.065145946746052}
{"timesteps_total": 76800000, "episodes_total": 7680000, "approx_exploitability": 10.918325433069654}
{"timesteps_total": 81920000, "episodes_total": 8192000, "approx_exploitability": 9.556094994403585}
{"timesteps_total": 87040000, "episodes_total": 8704000, "approx_exploitability": 11.290778330262018}
{"timesteps_total": 92160000, "episodes_total": 9216000, "approx_exploitability": 9.881814846853027}
{"timesteps_total": 97280000, "episodes_total": 9728000, "approx_exploitability": 11.98531583901029}
{"timesteps_total": 102400000, "episodes_total": 10240000, "approx_exploitability": 9.262037186859082}
{"timesteps_total": 107520000, "episodes_total": 10752000, "approx_exploitability": 11.50471347930478}
{"timesteps_total": 112640000, "episodes_total": 11264000, "approx_exploitability": 13.057961030261568}
{"timesteps_total": 117760000, "episodes_total": 11776000, "approx_exploitability": 8.98588974559065}
{"timesteps_total": 122880000, "episodes_total": 12288000, "approx_exploitability": 13.986905268483213}
{"timesteps_total": 128000000, "episodes_total": 12800000, "approx_exploitability": 11.594095419893367}
{"timesteps_total": 133120000, "episodes_total": 13312000, "approx_exploitability": 9.567844057512655}
{"timesteps_total": 138240000, "episodes_total": 13824000, "approx_exploitability": 10.412169784727483}
{"timesteps_total": 143360000, "episodes_total": 14336000, "approx_exploitability": 10.875712551625085}
{"timesteps_total": 148480000, "episodes_total": 14848000, "approx_exploitability": 12.461154471519427}
{"timesteps_total": 153600000, "episodes_total": 15360000, "approx_exploitability": 14.014447853711713}
{"timesteps_total": 158720000, "episodes_total": 15872000, "approx_exploitability": 11.778073984992854}
{"timesteps_total": 163840000, "episodes_total": 16384000, "approx_exploitability": 11.497319418876291}
{"timesteps_total": 168960000, "episodes_total": 16896000, "approx_exploitability": 8.725050901520067}
{"timesteps_total": 174080000, "episodes_total": 17408000, "approx_exploitability": 9.69496379539062}
{"timesteps_total": 179200000, "episodes_total": 17920000, "approx_exploitability": 9.002787454496358}
{"timesteps_total": 184320000, "episodes_total": 18432000, "approx_exploitability": 11.57621845150068}
{"timesteps_total": 189440000, "episodes_total": 18944000, "approx_exploitability": 10.018425333537603}
{"timesteps_total": 194560000, "episodes_total": 19456000, "approx_exploitability": 10.926031169431505}
{"timesteps_total": 199680000, "episodes_total": 19968000, "approx_exploitability": 9.611345618884359}
{"timesteps_total": 204800000, "episodes_total": 20480000, "approx_exploitability": 8.728318372429442}
{"timesteps_total": 209920000, "episodes_total": 20992000, "approx_exploitability": 11.105059454873668}
{"timesteps_total": 215040000, "episodes_total": 21504000, "approx_exploitability": 13.19491685309587}
