{"timesteps_total": 1600, "episodes_total": 132, "approx_exploitability": 0.7712}
{"timesteps_total": 3200000, "episodes_total": 266664, "approx_exploitability": 0.8338}
{"timesteps_total": 6400000, "episodes_total": 533332, "approx_exploitability": 0.7184999999999999}
{"timesteps_total": 9600000, "episodes_total": 800000, "approx_exploitability": 0.6265000000000001}
{"timesteps_total": 12800000, "episodes_total": 1066664, "approx_exploitability": 0.6474}
{"timesteps_total": 16000000, "episodes_total": 1333332, "approx_exploitability": 0.7318}
{"timesteps_total": 19200000, "episodes_total": 1600000, "approx_exploitability": 0.6051}
{"timesteps_total": 22400000, "episodes_total": 1866664, "approx_exploitability": 0.6275}
{"timesteps_total": 25600000, "episodes_total": 2133332, "approx_exploitability": 0.7627999999999999}
{"timesteps_total": 28800000, "episodes_total": 2400000, "approx_exploitability": 0.6367}
{"timesteps_total": 32000000, "episodes_total": 2666664, "approx_exploitability": 0.4622}
{"timesteps_total": 35200000, "episodes_total": 2933332, "approx_exploitability": 0.5266}
{"timesteps_total": 38400000, "episodes_total": 3200000, "approx_exploitability": 0.49579999999999996}
{"timesteps_total": 41600000, "episodes_total": 3466664, "approx_exploitability": 0.5768}
{"timesteps_total": 44800000, "episodes_total": 3733332, "approx_exploitability": 0.5404}
{"timesteps_total": 48000000, "episodes_total": 4000000, "approx_exploitability": 0.5518000000000001}
{"timesteps_total": 51200000, "episodes_total": 4266664, "approx_exploitability": 0.6930000000000001}
{"timesteps_total": 54400000, "episodes_total": 4533332, "approx_exploitability": 0.41059999999999997}
{"timesteps_total": 57600000, "episodes_total": 4800000, "approx_exploitability": 0.5605}
{"timesteps_total": 60800000, "episodes_total": 5066664, "approx_exploitability": 0.6402}
{"timesteps_total": 64000000, "episodes_total": 5333332, "approx_exploitability": 0.5398000000000001}
{"timesteps_total": 67200000, "episodes_total": 5600000, "approx_exploitability": 0.5414}
{"timesteps_total": 70400000, "episodes_total": 5866664, "approx_exploitability": 0.5512}
{"timesteps_total": 73600000, "episodes_total": 6133332, "approx_exploitability": 0.4454}
{"timesteps_total": 76800000, "episodes_total": 6400000, "approx_exploitability": 0.6081}
{"timesteps_total": 80000000, "episodes_total": 6666664, "approx_exploitability": 0.5907}
{"timesteps_total": 83200000, "episodes_total": 6933332, "approx_exploitability": 0.6683}
{"timesteps_total": 86400000, "episodes_total": 7200000, "approx_exploitability": 0.5336}
{"timesteps_total": 89600000, "episodes_total": 7466664, "approx_exploitability": 0.5465}
{"timesteps_total": 92800000, "episodes_total": 7733332, "approx_exploitability": 0.5143}
{"timesteps_total": 96000000, "episodes_total": 8000000, "approx_exploitability": 0.591}
{"timesteps_total": 99200000, "episodes_total": 8266664, "approx_exploitability": 0.5458000000000001}
{"timesteps_total": 102400000, "episodes_total": 8533332, "approx_exploitability": 0.484}
{"timesteps_total": 105600000, "episodes_total": 8800000, "approx_exploitability": 0.483}
{"timesteps_total": 108800000, "episodes_total": 9066664, "approx_exploitability": 0.4777}
{"timesteps_total": 112000000, "episodes_total": 9333332, "approx_exploitability": 0.4971}
{"timesteps_total": 115200000, "episodes_total": 9600000, "approx_exploitability": 0.5822}
{"timesteps_total": 118400000, "episodes_total": 9866664, "approx_exploitability": 0.5395}
{"timesteps_total": 121600000, "episodes_total": 10133332, "approx_exploitability": 0.46309999999999996}
{"timesteps_total": 124800000, "episodes_total": 10400000, "approx_exploitability": 0.5002}
{"timesteps_total": 128000000, "episodes_total": 10666664, "approx_exploitability": 0.5881000000000001}
{"timesteps_total": 130400000, "episodes_total": 10866664, "approx_exploitability": 0.6141}
{"timesteps_total": 133600000, "episodes_total": 11133328, "approx_exploitability": 0.5457000000000001}
{"timesteps_total": 136800000, "episodes_total": 11399996, "approx_exploitability": 0.5472}
{"timesteps_total": 140000000, "episodes_total": 11666664, "approx_exploitability": 0.5458000000000001}
{"timesteps_total": 143200000, "episodes_total": 11933328, "approx_exploitability": 0.5708}
{"timesteps_total": 146400000, "episodes_total": 12199996, "approx_exploitability": 0.5568}
{"timesteps_total": 149600000, "episodes_total": 12466664, "approx_exploitability": 0.5496000000000001}
{"timesteps_total": 152800000, "episodes_total": 12733328, "approx_exploitability": 0.5301}
{"timesteps_total": 156000000, "episodes_total": 12999996, "approx_exploitability": 0.5680000000000001}
{"timesteps_total": 159200000, "episodes_total": 13266664, "approx_exploitability": 0.5445}
{"timesteps_total": 162400000, "episodes_total": 13533328, "approx_exploitability": 0.4579}
{"timesteps_total": 165600000, "episodes_total": 13799996, "approx_exploitability": 0.5902000000000001}
{"timesteps_total": 168800000, "episodes_total": 14066664, "approx_exploitability": 0.48619999999999997}
{"timesteps_total": 172000000, "episodes_total": 14333328, "approx_exploitability": 0.4628}
{"timesteps_total": 175200000, "episodes_total": 14599996, "approx_exploitability": 0.5491}
{"timesteps_total": 178400000, "episodes_total": 14866664, "approx_exploitability": 0.515}
{"timesteps_total": 181600000, "episodes_total": 15133328, "approx_exploitability": 0.4504}
{"timesteps_total": 184800000, "episodes_total": 15399996, "approx_exploitability": 0.4838}
{"timesteps_total": 188000000, "episodes_total": 15666664, "approx_exploitability": 0.6578999999999999}
