{"num_policies": [1, 2, 3, 4, 5, 6, 7, 8, 9, 10, 11, 12, 13, 14, 15, 16, 17, 18, 19, 20, 21, 22, 23, 24, 25, 26, 27, 28, 29, 30, 31, 32, 33, 34, 35, 36, 37, 38, 39, 40, 41, 42, 43, 44], "exploitability": [2.5, 2.5, 2.4999409307712597, 2.4996628018015516, 2.232931423080872, 2.499660320150244, 2.38148582557171, 2.4996556399129224, 2.28944680388356, 2.1535650455386675, 2.092928508281339, 2.2993203667334066, 2.3052872044549835, 2.1138856491110576, 2.0385404572848307, 2.0160105408911484, 2.0585130484482344, 1.945714461919857, 1.9991693274449918, 2.2968465626313703, 1.912539997203261, 2.131319853256314, 1.975878685994735, 1.8869654795631814, 1.8118243682093622, 1.8199987001237408, 1.9328642874882869, 1.8282268542953337, 1.9806544115466818, 2.129831771478317, 1.9655307561872903, 1.821266912323117, 1.981097103721941, 1.7228291193092282, 1.7933479813147697, 1.6437329467249522, 1.7895178859497523, 1.7735094831548248, 1.6267212037951204, 1.8422243087522285, 1.9449563640009018, 2.0231943810685995, 1.6272423928178763, 1.5590271611332285], "timesteps": [0, 1501184, 3004416, 4506624, 6008832, 7510016, 9011200, 10512384, 12013568, 13514752, 15015936, 16517120, 18018304, 19519488, 21020672, 22521856, 24023040, 25524224, 27025408, 28526592, 30027776, 31528960, 33030144, 34531328, 36032512, 37533696, 39034880, 40536064, 42037248, 43538432, 45039616, 46540800, 48041984, 49543168, 51044352, 52545536, 54046720, 55547904, 57049088, 58550272, 60051456, 61552640, 63053824, 64555008], "episodes": [0, 155413, 312566, 469643, 624624, 778472, 934489, 1088535, 1245153, 1401560, 1555234, 1707823, 1862365, 2015759, 2169184, 2321448, 2473792, 2624521, 2776208, 2928152, 3082521, 3233277, 3386339, 3539326, 3691679, 3841357, 3992757, 4143698, 4294367, 4446417, 4595364, 4745814, 4896838, 5048290, 5199931, 5350105, 5500433, 5650809, 5802824, 5951482, 6102243, 6252857, 6404095, 6554499], "payoff_table_checkpoint_num": [1, 3, 5, 7, 9, 11, 13, 15, 17, 19, 21, 23, 25, 27, 29, 31, 33, 35, 37, 39, 41, 43, 45, 47, 49, 51, 53, 55, 57, 59, 61, 63, 65, 67, 69, 71, 73, 75, 77, 79, 81, 83, 85, 87], "payoff_table_checkpoint_path": ["/home/jblanier/git/grl/grl/data/battleship_psro_dqn/manager_01.21.41AM_May-16-2022/payoff_table_checkpoints/payoff_table_checkpoint_1.json", "/home/jblanier/git/grl/grl/data/battleship_psro_dqn/manager_01.21.41AM_May-16-2022/payoff_table_checkpoints/payoff_table_checkpoint_3.json", "/home/jblanier/git/grl/grl/data/battleship_psro_dqn/manager_01.21.41AM_May-16-2022/payoff_table_checkpoints/payoff_table_checkpoint_5.json", "/home/jblanier/git/grl/grl/data/battleship_psro_dqn/manager_01.21.41AM_May-16-2022/payoff_table_checkpoints/payoff_table_checkpoint_7.json", "/home/jblanier/git/grl/grl/data/battleship_psro_dqn/manager_01.21.41AM_May-16-2022/payoff_table_checkpoints/payoff_table_checkpoint_9.json", "/home/jblanier/git/grl/grl/data/battleship_psro_dqn/manager_01.21.41AM_May-16-2022/payoff_table_checkpoints/payoff_table_checkpoint_11.json", "/home/jblanier/git/grl/grl/data/battleship_psro_dqn/manager_01.21.41AM_May-16-2022/payoff_table_checkpoints/payoff_table_checkpoint_13.json", "/home/jblanier/git/grl/grl/data/battleship_psro_dqn/manager_01.21.41AM_May-16-2022/payoff_table_checkpoints/payoff_table_checkpoint_15.json", "/home/jblanier/git/grl/grl/data/battleship_psro_dqn/manager_01.21.41AM_May-16-2022/payoff_table_checkpoints/payoff_table_checkpoint_17.json", "/home/jblanier/git/grl/grl/data/battleship_psro_dqn/manager_01.21.41AM_May-16-2022/payoff_table_checkpoints/payoff_table_checkpoint_19.json", "/home/jblanier/git/grl/grl/data/battleship_psro_dqn/manager_01.21.41AM_May-16-2022/payoff_table_checkpoints/payoff_table_checkpoint_21.json", "/home/jblanier/git/grl/grl/data/battleship_psro_dqn/manager_01.21.41AM_May-16-2022/payoff_table_checkpoints/payoff_table_checkpoint_23.json", "/home/jblanier/git/grl/grl/data/battleship_psro_dqn/manager_01.21.41AM_May-16-2022/payoff_table_checkpoints/payoff_table_checkpoint_25.json", "/home/jblanier/git/grl/grl/data/battleship_psro_dqn/manager_01.21.41AM_May-16-2022/payoff_table_checkpoints/payoff_table_checkpoint_27.json", "/home/jblanier/git/grl/grl/data/battleship_psro_dqn/manager_01.21.41AM_May-16-2022/payoff_table_checkpoints/payoff_table_checkpoint_29.json", "/home/jblanier/git/grl/grl/data/battleship_psro_dqn/manager_01.21.41AM_May-16-2022/payoff_table_checkpoints/payoff_table_checkpoint_31.json", "/home/jblanier/git/grl/grl/data/battleship_psro_dqn/manager_01.21.41AM_May-16-2022/payoff_table_checkpoints/payoff_table_checkpoint_33.json", "/home/jblanier/git/grl/grl/data/battleship_psro_dqn/manager_01.21.41AM_May-16-2022/payoff_table_checkpoints/payoff_table_checkpoint_35.json", "/home/jblanier/git/grl/grl/data/battleship_psro_dqn/manager_01.21.41AM_May-16-2022/payoff_table_checkpoints/payoff_table_checkpoint_37.json", "/home/jblanier/git/grl/grl/data/battleship_psro_dqn/manager_01.21.41AM_May-16-2022/payoff_table_checkpoints/payoff_table_checkpoint_39.json", "/home/jblanier/git/grl/grl/data/battleship_psro_dqn/manager_01.21.41AM_May-16-2022/payoff_table_checkpoints/payoff_table_checkpoint_41.json", "/home/jblanier/git/grl/grl/data/battleship_psro_dqn/manager_01.21.41AM_May-16-2022/payoff_table_checkpoints/payoff_table_checkpoint_43.json", "/home/jblanier/git/grl/grl/data/battleship_psro_dqn/manager_01.21.41AM_May-16-2022/payoff_table_checkpoints/payoff_table_checkpoint_45.json", "/home/jblanier/git/grl/grl/data/battleship_psro_dqn/manager_01.21.41AM_May-16-2022/payoff_table_checkpoints/payoff_table_checkpoint_47.json", "/home/jblanier/git/grl/grl/data/battleship_psro_dqn/manager_01.21.41AM_May-16-2022/payoff_table_checkpoints/payoff_table_checkpoint_49.json", "/home/jblanier/git/grl/grl/data/battleship_psro_dqn/manager_01.21.41AM_May-16-2022/payoff_table_checkpoints/payoff_table_checkpoint_51.json", "/home/jblanier/git/grl/grl/data/battleship_psro_dqn/manager_01.21.41AM_May-16-2022/payoff_table_checkpoints/payoff_table_checkpoint_53.json", "/home/jblanier/git/grl/grl/data/battleship_psro_dqn/manager_01.21.41AM_May-16-2022/payoff_table_checkpoints/payoff_table_checkpoint_55.json", "/home/jblanier/git/grl/grl/data/battleship_psro_dqn/manager_01.21.41AM_May-16-2022/payoff_table_checkpoints/payoff_table_checkpoint_57.json", "/home/jblanier/git/grl/grl/data/battleship_psro_dqn/manager_01.21.41AM_May-16-2022/payoff_table_checkpoints/payoff_table_checkpoint_59.json", "/home/jblanier/git/grl/grl/data/battleship_psro_dqn/manager_01.21.41AM_May-16-2022/payoff_table_checkpoints/payoff_table_checkpoint_61.json", "/home/jblanier/git/grl/grl/data/battleship_psro_dqn/manager_01.21.41AM_May-16-2022/payoff_table_checkpoints/payoff_table_checkpoint_63.json", "/home/jblanier/git/grl/grl/data/battleship_psro_dqn/manager_01.21.41AM_May-16-2022/payoff_table_checkpoints/payoff_table_checkpoint_65.json", "/home/jblanier/git/grl/grl/data/battleship_psro_dqn/manager_01.21.41AM_May-16-2022/payoff_table_checkpoints/payoff_table_checkpoint_67.json", "/home/jblanier/git/grl/grl/data/battleship_psro_dqn/manager_01.21.41AM_May-16-2022/payoff_table_checkpoints/payoff_table_checkpoint_69.json", "/home/jblanier/git/grl/grl/data/battleship_psro_dqn/manager_01.21.41AM_May-16-2022/payoff_table_checkpoints/payoff_table_checkpoint_71.json", "/home/jblanier/git/grl/grl/data/battleship_psro_dqn/manager_01.21.41AM_May-16-2022/payoff_table_checkpoints/payoff_table_checkpoint_73.json", "/home/jblanier/git/grl/grl/data/battleship_psro_dqn/manager_01.21.41AM_May-16-2022/payoff_table_checkpoints/payoff_table_checkpoint_75.json", "/home/jblanier/git/grl/grl/data/battleship_psro_dqn/manager_01.21.41AM_May-16-2022/payoff_table_checkpoints/payoff_table_checkpoint_77.json", "/home/jblanier/git/grl/grl/data/battleship_psro_dqn/manager_01.21.41AM_May-16-2022/payoff_table_checkpoints/payoff_table_checkpoint_79.json", "/home/jblanier/git/grl/grl/data/battleship_psro_dqn/manager_01.21.41AM_May-16-2022/payoff_table_checkpoints/payoff_table_checkpoint_81.json", 