{"num_policies": [1, 2, 3, 4, 5, 6, 7, 8, 9, 10, 11, 12, 13, 14, 15, 16, 17, 18, 19, 20, 21, 22, 23, 24, 25, 26, 27, 28, 29, 30, 31, 32, 33, 34, 35, 36, 37, 38, 39, 40, 41, 42, 43, 44, 45, 46, 47, 48, 49, 50], "exploitability": [2.5, 2.499828947292687, 2.4997547504244033, 2.49961769182225, 2.499897858567577, 2.499774900244581, 2.451165591889846, 2.4997665264557987, 2.4997817895779346, 2.499808721009638, 2.4997909760200097, 2.4996956661473, 2.49962148670582, 2.3500953832026785, 2.4997162674409448, 2.372287470382467, 2.3873454842581068, 2.3990657196157272, 2.3758135739051123, 2.3176162217107956, 2.191915589517428, 2.3141168155824063, 2.3039546174509917, 2.1982916980493923, -1, -1, -1, -1, -1, -1, -1, -1, -1, -1, -1, -1, -1, -1, -1, -1, -1, -1, -1, -1, -1, -1, -1, -1, -1, -1], "timesteps": [0.0, 1501184.0, 3002368.0, 4503552.0, 6004736.0, 7505920.0, 9007104.0, 10508288.0, 12009472.0, 13510656.0, 15011840.0, 16513024.0, 18014208.0, 19515392.0, 21016576.0, 22517760.0, 24018944.0, 25520128.0, 27021312.0, 28522496.0, 30023680.0, 31524864.0, 33026048.0, 34527232.0, 36028416.0, 37529600.0, 39030784.0, 40531968.0, 42033152.0, 43534336.0, 45035520.0, 46536704.0, 48037888.0, 49539072.0, 51040256.0, 52541440.0, 54042624.0, 55543808.0, 57044992.0, 58546176.0, 60047360.0, 61548544.0, 63049728.0, 64550912.0, 66052096.0, 67553280.0, 69054464.0, 70555648.0, 72056832.0, 73558016.0], "episodes": [0.0, 155412.0, 310859.0, 461562.0, 613087.0, 764659.0, 916621.0, 1067093.0, 1219836.0, 1371530.0, 1524136.0, 1676583.0, 1830044.0, 1981555.0, 2134189.0, 2284568.0, 2434158.0, 2584004.0, 2732559.0, 2880834.0, 3028606.0, 3176810.0, 3327074.0, 3477129.0, 3624925.0, 3774694.0, 3922226.0, 4070849.0, 4221219.0, 4369836.0, 4518185.0, 4666060.0, 4815710.0, 4964808.0, 5113282.0, 5262893.0, 5411772.0, 5560275.0, 5709731.0, 5857627.0, 6007074.0, 6155767.0, 6302897.0, 6449853.0, 6597669.0, 6746187.0, 6894277.0, 7043719.0, 7192494.0, 7342152.0], "payoff_table_checkpoint_num": [1, 3, 5, 7, 9, 11, 13, 15, 17, 19, 21, 23, 25, 27, 29, 31, 33, 35, 37, 39, 41, 43, 45, 47, 49, 51, 53, 55, 57, 59, 61, 63, 65, 67, 69, 71, 73, 75, 77, 79, 81, 83, 85, 87, 89, 91, 93, 95, 97, 99], "payoff_table_checkpoint_path": ["/home/jblanier/git/grl/grl/data/battleship_psro_dqn/manager_01.37.49AM_May-16-2022/payoff_table_checkpoints/payoff_table_checkpoint_1.json", "/home/jblanier/git/grl/grl/data/battleship_psro_dqn/manager_01.37.49AM_May-16-2022/payoff_table_checkpoints/payoff_table_checkpoint_3.json", "/home/jblanier/git/grl/grl/data/battleship_psro_dqn/manager_01.37.49AM_May-16-2022/payoff_table_checkpoints/payoff_table_checkpoint_5.json", "/home/jblanier/git/grl/grl/data/battleship_psro_dqn/manager_01.37.49AM_May-16-2022/payoff_table_checkpoints/payoff_table_checkpoint_7.json", "/home/jblanier/git/grl/grl/data/battleship_psro_dqn/manager_01.37.49AM_May-16-2022/payoff_table_checkpoints/payoff_table_checkpoint_9.json", "/home/jblanier/git/grl/grl/data/battleship_psro_dqn/manager_01.37.49AM_May-16-2022/payoff_table_checkpoints/payoff_table_checkpoint_11.json", "/home/jblanier/git/grl/grl/data/battleship_psro_dqn/manager_01.37.49AM_May-16-2022/payoff_table_checkpoints/payoff_table_checkpoint_13.json", "/home/jblanier/git/grl/grl/data/battleship_psro_dqn/manager_01.37.49AM_May-16-2022/payoff_table_checkpoints/payoff_table_checkpoint_15.json", "/home/jblanier/git/grl/grl/data/battleship_psro_dqn/manager_01.37.49AM_May-16-2022/payoff_table_checkpoints/payoff_table_checkpoint_17.json", "/home/jblanier/git/grl/grl/data/battleship_psro_dqn/manager_01.37.49AM_May-16-2022/payoff_table_checkpoints/payoff_table_checkpoint_19.json", "/home/jblanier/git/grl/grl/data/battleship_psro_dqn/manager_01.37.49AM_May-16-2022/payoff_table_checkpoints/payoff_table_checkpoint_21.json", "/home/jblanier/git/grl/grl/data/battleship_psro_dqn/manager_01.37.49AM_May-16-2022/payoff_table_checkpoints/payoff_table_checkpoint_23.json", "/home/jblanier/git/grl/grl/data/battleship_psro_dqn/manager_01.37.49AM_May-16-2022/payoff_table_checkpoints/payoff_table_checkpoint_25.json", "/home/jblanier/git/grl/grl/data/battleship_psro_dqn/manager_01.37.49AM_May-16-2022/payoff_table_checkpoints/payoff_table_checkpoint_27.json", "/home/jblanier/git/grl/grl/data/battleship_psro_dqn/manager_01.37.49AM_May-16-2022/payoff_table_checkpoints/payoff_table_checkpoint_29.json", "/home/jblanier/git/grl/grl/data/battleship_psro_dqn/manager_01.37.49AM_May-16-2022/payoff_table_checkpoints/payoff_table_checkpoint_31.json", "/home/jblanier/git/grl/grl/data/battleship_psro_dqn/manager_01.37.49AM_May-16-2022/payoff_table_checkpoints/payoff_table_checkpoint_33.json", "/home/jblanier/git/grl/grl/data/battleship_psro_dqn/manager_01.37.49AM_May-16-2022/payoff_table_checkpoints/payoff_table_checkpoint_35.json", "/home/jblanier/git/grl/grl/data/battleship_psro_dqn/manager_01.37.49AM_May-16-2022/payoff_table_checkpoints/payoff_table_checkpoint_37.json", "/home/jblanier/git/grl/grl/data/battleship_psro_dqn/manager_01.37.49AM_May-16-2022/payoff_table_checkpoints/payoff_table_checkpoint_39.json", "/home/jblanier/git/grl/grl/data/battleship_psro_dqn/manager_01.37.49AM_May-16-2022/payoff_table_checkpoints/payoff_table_checkpoint_41.json", "/home/jblanier/git/grl/grl/data/battleship_psro_dqn/manager_01.37.49AM_May-16-2022/payoff_table_checkpoints/payoff_table_checkpoint_43.json", "/home/jblanier/git/grl/grl/data/battleship_psro_dqn/manager_01.37.49AM_May-16-2022/payoff_table_checkpoints/payoff_table_checkpoint_45.json", "/home/jblanier/git/grl/grl/data/battleship_psro_dqn/manager_01.37.49AM_May-16-2022/payoff_table_checkpoints/payoff_table_checkpoint_47.json", "/home/jblanier/git/grl/grl/data/battleship_psro_dqn/manager_08.10.42PM_May-17-2022/payoff_table_checkpoints/payoff_table_checkpoint_49.json", "/home/jblanier/git/grl/grl/data/battleship_psro_dqn/manager_08.10.42PM_May-17-2022/payoff_table_checkpoints/payoff_table_checkpoint_51.json", "/home/jblanier/git/grl/grl/data/battleship_psro_dqn/manager_08.10.42PM_May-17-2022/payoff_table_checkpoints/payoff_table_checkpoint_53.json", "/home/jblanier/git/grl/grl/data/battleship_psro_dqn/manager_08.10.42PM_May-17-2022/payoff_table_checkpoints/payoff_table_checkpoint_55.json", "/home/jblanier/git/grl/grl/data/battleship_psro_dqn/manager_08.10.42PM_May-17-2022/payoff_table_checkpoints/payoff_table_checkpoint_57.json", "/home/jblanier/git/grl/grl/data/battleship_psro_dqn/manager_08.10.42PM_May-17-2022/payoff_table_checkpoints/payoff_table_checkpoint_59.json", "/home/jblanier/git/grl/grl/data/battleship_psro_dqn/manager_08.10.42PM_May-17-2022/payoff_table_checkpoints/payoff_table_checkpoint_61.json", "/home/jblanier/git/grl/grl/data/battleship_psro_dqn/manager_08.10.42PM_May-17-2022/payoff_table_checkpoints/payoff_table_checkpoint_63.json", "/home/jblanier/git/grl/grl/data/battleship_psro_dqn/manager_08.10.42PM_May-17-2022/payoff_table_checkpoints/payoff_table_checkpoint_65.json", "/home/jblanier/git/grl/grl/data/battleship_psro_dqn/manager_08.10.42PM_May-17-2022/payoff_table_checkpoints/payoff_table_checkpoint_67.json", "/home/jblanier/git/grl/grl/data/battleship_psro_dqn/manager_08.10.42PM_May-17-2022/payoff_table_checkpoints/payoff_table_checkpoint_69.json", "/home/jblanier/git/grl/grl/data/battleship_psro_dqn/manager_08.10.42PM_May-17-2022/payoff_table_checkpoints/payoff_table_checkpoint_71.json", "/home/jblanier/git/grl/grl/data/battleship_psro_dqn/manager_08.10.42PM_May-17-2022/payoff_table_checkpoints/payoff_table_checkpoint_73.json", "/home/jblanier/git/grl/grl/data/battleship_psro_dqn/manager_08.10.42PM_May-17-2022/payoff_table_checkpoints/payoff_table_checkpoint_75.json", "/home/jblanier/git/grl/grl/data/battleship_psro_dqn/manager_08.10.42PM_May-17-2022/payoff_table_checkpoints/payoff_table_checkpoint_77.json", "/home/jblanier/git/grl/grl/data/battleship_psro_dqn/manager_08.10.42PM_May-17-2022/payoff_table_checkpoints/payoff_table_checkpoint_79.json", 