{"num_policies": [1, 2, 3, 4, 5, 6, 7, 8, 9, 10, 11, 12, 13, 14, 15, 16, 17, 18, 19, 20, 21, 22, 23, 24, 25, 26, 27, 28, 29, 30, 31, 32, 33, 34, 35, 36, 37, 38, 39, 40, 41, 42, 43, 44, 45, 46, 47, 48, 49, 50, 51, 52, 53], "exploitability": [0.9651000000000001, 0.9545, 0.9328000000000001, 0.9440999999999999, 0.8937999999999999, 0.8515999999999999, 0.8243, 0.7797000000000001, 0.8006, 0.7285999999999999, 0.7023, 0.6381, 0.5716, 0.5566, 0.5979000000000001, 0.538, 0.5009, 0.4962, 0.4078, 0.443, 0.3907, 0.4148, 0.4147, 0.3841, 0.3343, 0.3124, 0.2514, 0.2392, 0.2239, 0.27490000000000003, 0.2619, 0.23950000000000002, 0.1874, 0.1352, 0.23509999999999998, 0.105, 0.2093, 0.2249, 0.24559999999999998, 0.2097, 0.1967, 0.2113, 0.30110000000000003, 0.1933, 0.11280000000000001, 0.09989999999999999, 0.056999999999999995, 0.1497, 0.2723, 0.2375, -0.039299999999999995, 0.13140000000000002, 0.1265], "timesteps": [3000320.0, 6001664.0, 9004032.0, 12006400.0, 15008768.0, 18011136.0, 21013504.0, 24015872.0, 27018240.0, 30020608.0, 33022976.0, 36025344.0, 39027712.0, 42030080.0, 45032448.0, 48034816.0, 51037184.0, 54039552.0, 57041920.0, 60044288.0, 63046656.0, 66049024.0, 69051392.0, 72053760.0, 75056128.0, 78058496.0, 81060864.0, 84063232.0, 87065600.0, 90067968.0, 93070336.0, 96072704.0, 99075072.0, 102076416.0, 105078784.0, 108081152.0, 111083520.0, 114085888.0, 117088256.0, 120090624.0, 123092992.0, 126095360.0, 129096704.0, 132099072.0, 135101440.0, 138102784.0, 141105152.0, 144107520.0, 147109888.0, 150112256.0, 153114624.0, 156116992.0, 159119360.0], "episodes": [249856.0, 499840.0, 749952.0, 1000064.0, 1250176.0, 1500288.0, 1750400.0, 2000512.0, 2250624.0, 2500736.0, 2750848.0, 3000960.0, 3251072.0, 3501184.0, 3751296.0, 4001408.0, 4251520.0, 4501632.0, 4751744.0, 5001856.0, 5251968.0, 5502080.0, 5752192.0, 6002304.0, 6252416.0, 6502528.0, 6752640.0, 7002752.0, 7252864.0, 7502976.0, 7753088.0, 8003200.0, 8253312.0, 8503296.0, 8753408.0, 9003520.0, 9253632.0, 9503744.0, 9753856.0, 10003968.0, 10254080.0, 10504192.0, 10754176.0, 11004288.0, 11254400.0, 11504384.0, 11754496.0, 12004608.0, 12254720.0, 12504832.0, 12754944.0, 13005056.0, 13255168.0]}