{"num_policies": [1, 2, 3, 4, 5, 6, 7, 8, 9, 10, 11, 12, 13, 14, 15, 16, 17, 18, 19, 20, 21, 22, 23, 24, 25, 26, 27, 28, 29, 30, 31, 32, 33, 34, 35, 36, 37, 38, 39, 40, 41, 42, 43, 44, 45, 46, 47, 48, 49, 50, 51, 52, 53, 54, 55, 56, 57, 58, 59, 60, 61, 62, 63, 64, 65, 66, 67, 68, 69, 70, 71, 72, 73, 74, 75, 76, 77, 78, 79, 80, 81, 82, 83, 84, 85, 86, 87, 88, 89, 90], "exploitability": [9.885471836029506, 9.871964751073108, 8.99546406855405, 8.673123896192813, 8.687016883772309, 8.435702779346773, 8.489937890183972, 8.06549714543062, 7.914466661744449, 7.810920021945384, 7.855819460903201, 7.682975251293019, 7.212471083915387, 7.477799148343434, 7.267061002377165, 7.14022805897952, 7.136064426734531, 8.17006484640952, 6.621327703092538, 6.794973814856191, 6.321710340658784, 6.296070339059993, 5.92055429477077, 6.324755739147438, 6.064674418498564, 6.082681362703919, 5.871650562058471, 5.41892434974439, 6.268184917896543, 5.821211451904336, 5.595676133148919, 7.522449766568792, 5.012900102444668, 6.285718765568873, 5.905019418372312, 5.241655324945191, 5.528724619972578, 5.5093918879053785, 5.787037037172174, 4.874129550860292, 5.483186769964686, 5.112660668283002, 5.099813761365693, 5.386672763144341, 5.001737253176852, 4.846971720158239, 5.22726713172443, 6.1542276237349025, 5.992531567551661, 4.464045286449115, 5.3173130941252, 5.159205250960518, 5.878998507509357, 4.74007175387923, 4.855343773810601, 5.852734122240566, 4.231955544250098, 5.175819361019414, 5.461911542996904, 5.516081704295008, 4.871845430725001, 6.152372815963172, 5.794607844079007, 5.568638929388451, 5.558086741096421, 4.910135679009091, 4.0728299330946935, 5.852136310431513, 6.252356363798562, 4.139258249682653, 5.341387828272243, 6.303030642178119, 5.549830767031736, 5.971968797141197, 3.762096952101367, 4.461008381688339, 4.97512164741063, 3.605647056459333, 4.958660900595738, 4.795306090461253, 3.126492547448282, 4.326799815363944, 3.9546997173803744, 3.627415096963523, 4.289480365246639, 4.8212114886582595, 6.259001306937856, 3.848882892851136, 3.6638555257922736, 4.157397549521187], "timesteps": [2002944.0, 4005888.0, 6008832.0, 8011776.0, 10014720.0, 12017664.0, 14020608.0, 16023552.0, 18026496.0, 20029440.0, 22032384.0, 24035328.0, 26038272.0, 28041216.0, 30044160.0, 32047104.0, 34050048.0, 36052992.0, 38055936.0, 40058880.0, 42061824.0, 44064768.0, 46067712.0, 48070656.0, 50073600.0, 52076544.0, 54079488.0, 56082432.0, 58085376.0, 60088320.0, 62091264.0, 64094208.0, 66097152.0, 68100096.0, 70103040.0, 72105984.0, 74108928.0, 76111872.0, 78114816.0, 80117760.0, 82120704.0, 84123648.0, 86126592.0, 88129536.0, 90132480.0, 92135424.0, 94138368.0, 96141312.0, 98144256.0, 100147200.0, 102150144.0, 104153088.0, 106156032.0, 108158976.0, 110161920.0, 112164864.0, 114167808.0, 116170752.0, 118173696.0, 120176640.0, 122179584.0, 124182528.0, 126185472.0, 128188416.0, 130191360.0, 132194304.0, 134197248.0, 136200192.0, 138203136.0, 140206080.0, 142209024.0, 144211968.0, 146214912.0, 148217856.0, 150220800.0, 152223744.0, 154226688.0, 156229632.0, 158232576.0, 160235520.0, 162238464.0, 164241408.0, 166244352.0, 168247296.0, 170250240.0, 172253184.0, 174256128.0, 176259072.0, 178262016.0, 180264960.0], "episodes": [200288.0, 400576.0, 600864.0, 801152.0, 1001440.0, 1201728.0, 1402016.0, 1602304.0, 1802592.0, 2002880.0, 2203168.0, 2403456.0, 2603744.0, 2804032.0, 3004320.0, 3204608.0, 3404896.0, 3605184.0, 3805472.0, 4005760.0, 4206048.0, 4406336.0, 4606624.0, 4806912.0, 5007200.0, 5207488.0, 5407776.0, 5608064.0, 5808352.0, 6008640.0, 6208928.0, 6409216.0, 6609504.0, 6809792.0, 7010080.0, 7210368.0, 7410656.0, 7610944.0, 7811232.0, 8011520.0, 8211808.0, 8412096.0, 8612384.0, 8812672.0, 9012960.0, 9213248.0, 9413536.0, 9613824.0, 9814112.0, 10014400.0, 10214688.0, 10414976.0, 10615264.0, 10815552.0, 11015840.0, 11216128.0, 11416416.0, 11616704.0, 11816992.0, 12017280.0, 12217568.0, 12417856.0, 12618144.0, 12818432.0, 13018720.0, 13219008.0, 13419296.0, 13619584.0, 13819872.0, 14020160.0, 14220448.0, 14420736.0, 14621024.0, 14821312.0, 15021600.0, 15221888.0, 15422176.0, 15622464.0, 15822752.0, 16023040.0, 16223328.0, 16423616.0, 16623904.0, 16824192.0, 17024480.0, 17224768.0, 17425056.0, 17625344.0, 17825632.0, 18025920.0]}