{"num_policies": [1, 2, 3, 4, 5, 6, 7, 8, 9, 10, 11, 12, 13, 14, 15, 16, 17, 18, 19, 20, 21, 22, 23, 24, 25, 26, 27, 28, 29, 30, 31, 32, 33, 34, 35, 36, 37, 38, 39, 40, 41, 42, 43, 44, 45, 46, 47, 48, 49, 50, 51, 52, 53, 54, 55, 56, 57, 58, 59, 60, 61, 62, 63, 64, 65, 66, 67, 68, 69, 70, 71, 72, 73, 74, 75, 76, 77, 78, 79, 80, 81, 82, 83, 84, 85, 86, 87, 88, 89, 90], "exploitability": [9.92754289447242, 9.111328285897429, 8.9449160852873, 8.898358195827482, 8.522040514960675, 8.340848942331139, 8.56506403482409, 8.159905522032844, 8.304682981031597, 8.289708448567637, 7.877551206828666, 8.691688153587949, 7.3898297978388845, 7.512436613521247, 7.64326015065572, 6.981815679887275, 7.598201694027474, 7.495322173274806, 7.299585430879099, 7.138644551446568, 7.1847642221786545, 7.233644128887052, 7.207254694701673, 6.66788069679793, 7.726896067403956, 6.998533160347969, 6.255781768997188, 7.3221599635631485, 6.193579238792212, 7.545558392937394, 5.735184382212173, 7.958437252285023, 5.412009913194409, 6.654156433480314, 5.955429231440183, 6.269787586637959, 6.161609002466674, 5.729838006299792, 5.8096560235783805, 6.271137650657131, 7.299856895180559, 7.321866723230109, 7.488300487350533, 7.092976068626362, 5.523110205063131, 6.016447198683862, 5.954592510446556, 5.351944264634466, 6.17127726281751, 5.502298714522878, 5.057188526489202, 5.737479525681696, 8.185454343089392, 6.471258788629505, 6.114585312413168, 4.803615731856017, 6.431929709284729, 4.686898644757446, 7.40702940714939, 5.735656641161465, 6.315067277190485, 4.959602741065295, 5.498907229322871, 4.840562706252863, 5.57969826789829, 5.254554725781974, 4.4723700458067235, 6.126041956414136, 5.629196243972448, 6.989001372760185, 4.883754736868409, 5.231001355468202, 6.075065310768865, 5.871148657503235, 4.9445880474263575, 4.09543182406089, 4.655546008040348, 4.0954580694556935, 4.708030359750847, 6.234478077666589, 5.99826081574494, 6.070423886374455, 3.7695265703496754, 5.880894760665985, 4.9448785042335865, 5.500031998378406, 5.185256341747149, 5.7049257068942305, 4.025065458197333, 4.95775091965082], "timesteps": [2002944.0, 4005888.0, 6008832.0, 8011776.0, 10014720.0, 12017664.0, 14020608.0, 16023552.0, 18026496.0, 20029440.0, 22032384.0, 24035328.0, 26038272.0, 28041216.0, 30044160.0, 32047104.0, 34050048.0, 36052992.0, 38055936.0, 40058880.0, 42061824.0, 44064768.0, 46067712.0, 48070656.0, 50073600.0, 52076544.0, 54079488.0, 56082432.0, 58085376.0, 60088320.0, 62091264.0, 64094208.0, 66097152.0, 68100096.0, 70103040.0, 72105984.0, 74108928.0, 76111872.0, 78114816.0, 80117760.0, 82120704.0, 84123648.0, 86126592.0, 88129536.0, 90132480.0, 92135424.0, 94138368.0, 96141312.0, 98144256.0, 100147200.0, 102150144.0, 104153088.0, 106156032.0, 108158976.0, 110161920.0, 112164864.0, 114167808.0, 116170752.0, 118173696.0, 120176640.0, 122179584.0, 124182528.0, 126185472.0, 128188416.0, 130191360.0, 132194304.0, 134197248.0, 136200192.0, 138203136.0, 140206080.0, 142209024.0, 144211968.0, 146214912.0, 148217856.0, 150220800.0, 152223744.0, 154226688.0, 156229632.0, 158232576.0, 160235520.0, 162238464.0, 164241408.0, 166244352.0, 168247296.0, 170250240.0, 172253184.0, 174256128.0, 176259072.0, 178262016.0, 180264960.0], "episodes": [200288.0, 400576.0, 600864.0, 801152.0, 1001440.0, 1201728.0, 1402016.0, 1602304.0, 1802592.0, 2002880.0, 2203168.0, 2403456.0, 2603744.0, 2804032.0, 3004320.0, 3204608.0, 3404896.0, 3605184.0, 3805472.0, 4005760.0, 4206048.0, 4406336.0, 4606624.0, 4806912.0, 5007200.0, 5207488.0, 5407776.0, 5608064.0, 5808352.0, 6008640.0, 6208928.0, 6409216.0, 6609504.0, 6809792.0, 7010080.0, 7210368.0, 7410656.0, 7610944.0, 7811232.0, 8011520.0, 8211808.0, 8412096.0, 8612384.0, 8812672.0, 9012960.0, 9213248.0, 9413536.0, 9613824.0, 9814112.0, 10014400.0, 10214688.0, 10414976.0, 10615264.0, 10815552.0, 11015840.0, 11216128.0, 11416416.0, 11616704.0, 11816992.0, 12017280.0, 12217568.0, 12417856.0, 12618144.0, 12818432.0, 13018720.0, 13219008.0, 13419296.0, 13619584.0, 13819872.0, 14020160.0, 14220448.0, 14420736.0, 14621024.0, 14821312.0, 15021600.0, 15221888.0, 15422176.0, 15622464.0, 15822752.0, 16023040.0, 16223328.0, 16423616.0, 16623904.0, 16824192.0, 17024480.0, 17224768.0, 17425056.0, 17625344.0, 17825632.0, 18025920.0]}