{"num_policies": [1, 2, 3, 4, 5, 6, 7, 8, 9, 10, 11, 12, 13, 14, 15, 16, 17, 18, 19, 20, 21, 22, 23, 24, 25, 26, 27, 28, 29, 30, 31, 32, 33, 34, 35, 36, 37, 38, 39, 40, 41, 42, 43, 44, 45, 46, 47, 48, 49, 50, 51, 52, 53], "exploitability": [0.9494, 0.9260999999999999, 0.9298, 0.9119, 0.8939, 0.8527, 0.8686, 0.8003, 0.7675000000000001, 0.6738999999999999, 0.7205999999999999, 0.6002000000000001, 0.5525, 0.5684, 0.49449999999999994, 0.4562, 0.4071, 0.42410000000000003, 0.4253, 0.4073, 0.28669999999999995, 0.3436, 0.3761, 0.3404, 0.3521, 0.3094, 0.2154, 0.3639, 0.307, 0.2662, 0.2047, 0.2097, 0.2648, 0.2057, 0.2826, 0.22139999999999999, 0.1674, 0.1117, 0.2139, 0.1624, 0.2232, 0.1825, 0.118, 0.11839999999999999, 0.18180000000000002, 0.219, 0.1847, 0.1532, 0.11209999999999999, 0.1362, 0.25680000000000003, 0.2318, 0.1069], "timesteps": [3001344.0, 6003712.0, 9006080.0, 12008448.0, 15010816.0, 18013184.0, 21015552.0, 24017920.0, 27020288.0, 30022656.0, 33025024.0, 36027392.0, 39029760.0, 42032128.0, 45034496.0, 48035840.0, 51038208.0, 54040576.0, 57042944.0, 60045312.0, 63047680.0, 66050048.0, 69052416.0, 72054784.0, 75056128.0, 78058496.0, 81060864.0, 84063232.0, 87065600.0, 90067968.0, 93070336.0, 96072704.0, 99075072.0, 102076416.0, 105078784.0, 108081152.0, 111083520.0, 114085888.0, 117088256.0, 120090624.0, 123092992.0, 126095360.0, 129097728.0, 132100096.0, 135101440.0, 138102784.0, 141105152.0, 144107520.0, 147109888.0, 150112256.0, 153114624.0, 156115968.0, 159117312.0], "episodes": [249984.0, 500096.0, 750208.0, 1000320.0, 1250432.0, 1500544.0, 1750656.0, 2000768.0, 2250880.0, 2500992.0, 2751104.0, 3001216.0, 3251328.0, 3501440.0, 3751552.0, 4001536.0, 4251648.0, 4501760.0, 4751872.0, 5001984.0, 5252096.0, 5502208.0, 5752320.0, 6002432.0, 6252416.0, 6502528.0, 6752640.0, 7002752.0, 7252864.0, 7502976.0, 7753088.0, 8003200.0, 8253312.0, 8503296.0, 8753408.0, 9003520.0, 9253632.0, 9503744.0, 9753856.0, 10003968.0, 10254080.0, 10504192.0, 10754304.0, 11004416.0, 11254400.0, 11504384.0, 11754496.0, 12004608.0, 12254720.0, 12504832.0, 12754944.0, 13004928.0, 13254912.0]}