{"timesteps_total": 2048, "episodes_total": 204, "approx_exploitability": 9.573907281535165}
{"timesteps_total": 5120000, "episodes_total": 512000, "approx_exploitability": 11.20434656937233}
{"timesteps_total": 10240000, "episodes_total": 1024000, "approx_exploitability": 14.041532395208277}
{"timesteps_total": 15360000, "episodes_total": 1536000, "approx_exploitability": 9.732387849675492}
{"timesteps_total": 20480000, "episodes_total": 2048000, "approx_exploitability": 16.1933108967226}
{"timesteps_total": 25600000, "episodes_total": 2560000, "approx_exploitability": 13.864957928847979}
{"timesteps_total": 30720000, "episodes_total": 3072000, "approx_exploitability": 15.452462297703326}
{"timesteps_total": 35840000, "episodes_total": 3584000, "approx_exploitability": 11.597920396036514}
{"timesteps_total": 40960000, "episodes_total": 4096000, "approx_exploitability": 10.926446193709102}
{"timesteps_total": 46080000, "episodes_total": 4608000, "approx_exploitability": 11.949522405929248}
{"timesteps_total": 51200000, "episodes_total": 5120000, "approx_exploitability": 14.228924338201992}
{"timesteps_total": 56320000, "episodes_total": 5632000, "approx_exploitability": 13.496941012579697}
{"timesteps_total": 61440000, "episodes_total": 6144000, "approx_exploitability": 12.119313320323888}
{"timesteps_total": 66560000, "episodes_total": 6656000, "approx_exploitability": 8.058363307645358}
{"timesteps_total": 71680000, "episodes_total": 7168000, "approx_exploitability": 11.967363755902392}
{"timesteps_total": 76800000, "episodes_total": 7680000, "approx_exploitability": 8.32043322541302}
{"timesteps_total": 81920000, "episodes_total": 8192000, "approx_exploitability": 11.742761153670727}
{"timesteps_total": 87040000, "episodes_total": 8704000, "approx_exploitability": 8.904474808422034}
{"timesteps_total": 92160000, "episodes_total": 9216000, "approx_exploitability": 10.344161887883722}
{"timesteps_total": 97280000, "episodes_total": 9728000, "approx_exploitability": 8.937695057426627}
{"timesteps_total": 102400000, "episodes_total": 10240000, "approx_exploitability": 10.62442174478783}
{"timesteps_total": 107520000, "episodes_total": 10752000, "approx_exploitability": 9.810584807759756}
{"timesteps_total": 112640000, "episodes_total": 11264000, "approx_exploitability": 9.018494754523877}
{"timesteps_total": 117760000, "episodes_total": 11776000, "approx_exploitability": 10.972875728344498}
{"timesteps_total": 122880000, "episodes_total": 12288000, "approx_exploitability": 9.134341073457245}
{"timesteps_total": 128000000, "episodes_total": 12800000, "approx_exploitability": 7.650735257537413}
{"timesteps_total": 133120000, "episodes_total": 13312000, "approx_exploitability": 10.206132558947452}
{"timesteps_total": 138240000, "episodes_total": 13824000, "approx_exploitability": 10.782330104370345}
{"timesteps_total": 143360000, "episodes_total": 14336000, "approx_exploitability": 8.213227808628371}
{"timesteps_total": 148480000, "episodes_total": 14848000, "approx_exploitability": 10.346030715759053}
{"timesteps_total": 153600000, "episodes_total": 15360000, "approx_exploitability": 13.294559525925468}
{"timesteps_total": 158720000, "episodes_total": 15872000, "approx_exploitability": 12.709749103045858}
{"timesteps_total": 163840000, "episodes_total": 16384000, "approx_exploitability": 14.260844264657237}
{"timesteps_total": 168960000, "episodes_total": 16896000, "approx_exploitability": 12.386432914954362}
{"timesteps_total": 174080000, "episodes_total": 17408000, "approx_exploitability": 10.601238506982195}
{"timesteps_total": 179200000, "episodes_total": 17920000, "approx_exploitability": 9.605789075263893}
{"timesteps_total": 184320000, "episodes_total": 18432000, "approx_exploitability": 9.743594184483904}
{"timesteps_total": 189440000, "episodes_total": 18944000, "approx_exploitability": 11.41336487545087}
{"timesteps_total": 194560000, "episodes_total": 19456000, "approx_exploitability": 15.741073055091855}
{"timesteps_total": 199680000, "episodes_total": 19968000, "approx_exploitability": 10.880141020699522}
{"timesteps_total": 204800000, "episodes_total": 20480000, "approx_exploitability": 9.056554934018433}
{"timesteps_total": 209920000, "episodes_total": 20992000, "approx_exploitability": 9.209228971324977}
{"timesteps_total": 215040000, "episodes_total": 21504000, "approx_exploitability": 13.228517551358626}
