{"num_policies": [1, 2, 3, 4, 5, 6, 7, 8, 9, 10, 11, 12, 13, 14, 15, 16, 17, 18, 19, 20, 21, 22, 23, 24, 25, 26, 27, 28, 29, 30, 31, 32, 33, 34, 35, 36, 37, 38, 39, 40, 41, 42, 43, 44, 45, 46, 47], "exploitability": [2.5, 2.5, 2.5, 2.499944247302274, 2.499885368956149, 2.4997433139965355, 2.499813538196708, 2.4997720221608084, 2.499841842401395, 2.40558259025459, 2.498200925443257, 2.4997382217236606, 2.4995590982422673, 2.4123646616531755, 2.4997158347601833, 2.3618215723945566, 2.440854903413432, 2.369297713863602, 2.403328809761501, 2.3781534806138698, 2.4225616782509016, 2.3820610002722202, 2.3338802250306263, 2.213065504092035, -1, -1, -1, -1, -1, -1, -1, -1, -1, -1, -1, -1, -1, -1, -1, -1, -1, -1, -1, -1, -1, -1, -1], "timesteps": [0.0, 1502208.0, 3003392.0, 4504576.0, 6005760.0, 7506944.0, 9008128.0, 10509312.0, 12010496.0, 13511680.0, 15012864.0, 16514048.0, 18015232.0, 19516416.0, 21017600.0, 22518784.0, 24019968.0, 25521152.0, 27022336.0, 28523520.0, 30024704.0, 31525888.0, 33027072.0, 34528256.0, 36029440.0, 37530624.0, 39031808.0, 40532992.0, 42034176.0, 43535360.0, 45036544.0, 46537728.0, 48038912.0, 49540096.0, 51041280.0, 52542464.0, 54043648.0, 55545856.0, 57047040.0, 58548224.0, 60049408.0, 61550592.0, 63051776.0, 64552960.0, 66054144.0, 67555328.0, 69056512.0], "episodes": [0.0, 156547.0, 311540.0, 465355.0, 619317.0, 773301.0, 927037.0, 1078780.0, 1231278.0, 1383108.0, 1535077.0, 1686786.0, 1836395.0, 1985275.0, 2134410.0, 2284225.0, 2432183.0, 2582023.0, 2731946.0, 2880930.0, 3030806.0, 3180985.0, 3330290.0, 3480631.0, 3631348.0, 3781617.0, 3931895.0, 4080555.0, 4231216.0, 4380994.0, 4529734.0, 4678977.0, 4830744.0, 4980109.0, 5129848.0, 5280083.0, 5429114.0, 5578064.0, 5726207.0, 5875772.0, 6026601.0, 6175418.0, 6325337.0, 6475101.0, 6623394.0, 6771454.0, 6920092.0], "payoff_table_checkpoint_num": [1, 3, 5, 7, 9, 11, 13, 15, 17, 19, 21, 23, 25, 27, 29, 31, 33, 35, 37, 39, 41, 43, 45, 47, 49, 51, 53, 55, 57, 59, 61, 63, 65, 67, 69, 71, 73, 75, 77, 79, 81, 83, 85, 87, 89, 91, 93], "payoff_table_checkpoint_path": ["/home/jblanier/git/grl/grl/data/battleship_psro_dqn/manager_01.38.12AM_May-16-2022/payoff_table_checkpoints/payoff_table_checkpoint_1.json", "/home/jblanier/git/grl/grl/data/battleship_psro_dqn/manager_01.38.12AM_May-16-2022/payoff_table_checkpoints/payoff_table_checkpoint_3.json", "/home/jblanier/git/grl/grl/data/battleship_psro_dqn/manager_01.38.12AM_May-16-2022/payoff_table_checkpoints/payoff_table_checkpoint_5.json", "/home/jblanier/git/grl/grl/data/battleship_psro_dqn/manager_01.38.12AM_May-16-2022/payoff_table_checkpoints/payoff_table_checkpoint_7.json", "/home/jblanier/git/grl/grl/data/battleship_psro_dqn/manager_01.38.12AM_May-16-2022/payoff_table_checkpoints/payoff_table_checkpoint_9.json", "/home/jblanier/git/grl/grl/data/battleship_psro_dqn/manager_01.38.12AM_May-16-2022/payoff_table_checkpoints/payoff_table_checkpoint_11.json", "/home/jblanier/git/grl/grl/data/battleship_psro_dqn/manager_01.38.12AM_May-16-2022/payoff_table_checkpoints/payoff_table_checkpoint_13.json", "/home/jblanier/git/grl/grl/data/battleship_psro_dqn/manager_01.38.12AM_May-16-2022/payoff_table_checkpoints/payoff_table_checkpoint_15.json", "/home/jblanier/git/grl/grl/data/battleship_psro_dqn/manager_01.38.12AM_May-16-2022/payoff_table_checkpoints/payoff_table_checkpoint_17.json", "/home/jblanier/git/grl/grl/data/battleship_psro_dqn/manager_01.38.12AM_May-16-2022/payoff_table_checkpoints/payoff_table_checkpoint_19.json", "/home/jblanier/git/grl/grl/data/battleship_psro_dqn/manager_01.38.12AM_May-16-2022/payoff_table_checkpoints/payoff_table_checkpoint_21.json", "/home/jblanier/git/grl/grl/data/battleship_psro_dqn/manager_01.38.12AM_May-16-2022/payoff_table_checkpoints/payoff_table_checkpoint_23.json", "/home/jblanier/git/grl/grl/data/battleship_psro_dqn/manager_01.38.12AM_May-16-2022/payoff_table_checkpoints/payoff_table_checkpoint_25.json", "/home/jblanier/git/grl/grl/data/battleship_psro_dqn/manager_01.38.12AM_May-16-2022/payoff_table_checkpoints/payoff_table_checkpoint_27.json", "/home/jblanier/git/grl/grl/data/battleship_psro_dqn/manager_01.38.12AM_May-16-2022/payoff_table_checkpoints/payoff_table_checkpoint_29.json", "/home/jblanier/git/grl/grl/data/battleship_psro_dqn/manager_01.38.12AM_May-16-2022/payoff_table_checkpoints/payoff_table_checkpoint_31.json", "/home/jblanier/git/grl/grl/data/battleship_psro_dqn/manager_01.38.12AM_May-16-2022/payoff_table_checkpoints/payoff_table_checkpoint_33.json", "/home/jblanier/git/grl/grl/data/battleship_psro_dqn/manager_01.38.12AM_May-16-2022/payoff_table_checkpoints/payoff_table_checkpoint_35.json", "/home/jblanier/git/grl/grl/data/battleship_psro_dqn/manager_01.38.12AM_May-16-2022/payoff_table_checkpoints/payoff_table_checkpoint_37.json", "/home/jblanier/git/grl/grl/data/battleship_psro_dqn/manager_01.38.12AM_May-16-2022/payoff_table_checkpoints/payoff_table_checkpoint_39.json", "/home/jblanier/git/grl/grl/data/battleship_psro_dqn/manager_01.38.12AM_May-16-2022/payoff_table_checkpoints/payoff_table_checkpoint_41.json", "/home/jblanier/git/grl/grl/data/battleship_psro_dqn/manager_01.38.12AM_May-16-2022/payoff_table_checkpoints/payoff_table_checkpoint_43.json", "/home/jblanier/git/grl/grl/data/battleship_psro_dqn/manager_01.38.12AM_May-16-2022/payoff_table_checkpoints/payoff_table_checkpoint_45.json", "/home/jblanier/git/grl/grl/data/battleship_psro_dqn/manager_01.38.12AM_May-16-2022/payoff_table_checkpoints/payoff_table_checkpoint_47.json", "/home/jblanier/git/grl/grl/data/battleship_psro_dqn/manager_08.11.25PM_May-17-2022/payoff_table_checkpoints/payoff_table_checkpoint_49.json", "/home/jblanier/git/grl/grl/data/battleship_psro_dqn/manager_08.11.25PM_May-17-2022/payoff_table_checkpoints/payoff_table_checkpoint_51.json", "/home/jblanier/git/grl/grl/data/battleship_psro_dqn/manager_08.11.25PM_May-17-2022/payoff_table_checkpoints/payoff_table_checkpoint_53.json", "/home/jblanier/git/grl/grl/data/battleship_psro_dqn/manager_08.11.25PM_May-17-2022/payoff_table_checkpoints/payoff_table_checkpoint_55.json", "/home/jblanier/git/grl/grl/data/battleship_psro_dqn/manager_08.11.25PM_May-17-2022/payoff_table_checkpoints/payoff_table_checkpoint_57.json", "/home/jblanier/git/grl/grl/data/battleship_psro_dqn/manager_08.11.25PM_May-17-2022/payoff_table_checkpoints/payoff_table_checkpoint_59.json", "/home/jblanier/git/grl/grl/data/battleship_psro_dqn/manager_08.11.25PM_May-17-2022/payoff_table_checkpoints/payoff_table_checkpoint_61.json", "/home/jblanier/git/grl/grl/data/battleship_psro_dqn/manager_08.11.25PM_May-17-2022/payoff_table_checkpoints/payoff_table_checkpoint_63.json", "/home/jblanier/git/grl/grl/data/battleship_psro_dqn/manager_08.11.25PM_May-17-2022/payoff_table_checkpoints/payoff_table_checkpoint_65.json", "/home/jblanier/git/grl/grl/data/battleship_psro_dqn/manager_08.11.25PM_May-17-2022/payoff_table_checkpoints/payoff_table_checkpoint_67.json", "/home/jblanier/git/grl/grl/data/battleship_psro_dqn/manager_08.11.25PM_May-17-2022/payoff_table_checkpoints/payoff_table_checkpoint_69.json", "/home/jblanier/git/grl/grl/data/battleship_psro_dqn/manager_08.11.25PM_May-17-2022/payoff_table_checkpoints/payoff_table_checkpoint_71.json", "/home/jblanier/git/grl/grl/data/battleship_psro_dqn/manager_08.11.25PM_May-17-2022/payoff_table_checkpoints/payoff_table_checkpoint_73.json", "/home/jblanier/git/grl/grl/data/battleship_psro_dqn/manager_08.11.25PM_May-17-2022/payoff_table_checkpoints/payoff_table_checkpoint_75.json", "/home/jblanier/git/grl/grl/data/battleship_psro_dqn/manager_08.11.25PM_May-17-2022/payoff_table_checkpoints/payoff_table_checkpoint_77.json", "/home/jblanier/git/grl/grl/data/battleship_psro_dqn/manager_08.11.25PM_May-17-2022/payoff_table_checkpoints/payoff_table_checkpoint_79.json", "/home/jblanier/git/grl/grl/data/battleship_psro_dqn/manager_08.11.25PM_May-17-2022/payoff_table_checkpoints/payoff_table_checkpoint_81.json", 