{"timesteps_total": 1600, "episodes_total": 132, "approx_exploitability": 0.7726999999999999}
{"timesteps_total": 3200000, "episodes_total": 266664, "approx_exploitability": 0.6606000000000001}
{"timesteps_total": 6400000, "episodes_total": 533332, "approx_exploitability": 0.544}
{"timesteps_total": 9600000, "episodes_total": 800000, "approx_exploitability": 0.5059}
{"timesteps_total": 12800000, "episodes_total": 1066664, "approx_exploitability": 0.6418}
{"timesteps_total": 16000000, "episodes_total": 1333332, "approx_exploitability": 0.7616}
{"timesteps_total": 19200000, "episodes_total": 1600000, "approx_exploitability": 0.5913999999999999}
{"timesteps_total": 22400000, "episodes_total": 1866664, "approx_exploitability": 0.5115000000000001}
{"timesteps_total": 25600000, "episodes_total": 2133332, "approx_exploitability": 0.4423}
{"timesteps_total": 28800000, "episodes_total": 2400000, "approx_exploitability": 0.5502}
{"timesteps_total": 32000000, "episodes_total": 2666664, "approx_exploitability": 0.5459}
{"timesteps_total": 35200000, "episodes_total": 2933332, "approx_exploitability": 0.6504}
{"timesteps_total": 38400000, "episodes_total": 3200000, "approx_exploitability": 0.5051}
{"timesteps_total": 41600000, "episodes_total": 3466664, "approx_exploitability": 0.5367}
{"timesteps_total": 44800000, "episodes_total": 3733332, "approx_exploitability": 0.5461}
{"timesteps_total": 48000000, "episodes_total": 4000000, "approx_exploitability": 0.5093}
{"timesteps_total": 51200000, "episodes_total": 4266664, "approx_exploitability": 0.5419}
{"timesteps_total": 54400000, "episodes_total": 4533332, "approx_exploitability": 0.5127999999999999}
{"timesteps_total": 57600000, "episodes_total": 4800000, "approx_exploitability": 0.6525}
{"timesteps_total": 60800000, "episodes_total": 5066664, "approx_exploitability": 0.5658000000000001}
{"timesteps_total": 64000000, "episodes_total": 5333332, "approx_exploitability": 0.5869}
{"timesteps_total": 67200000, "episodes_total": 5600000, "approx_exploitability": 0.5907}
{"timesteps_total": 70400000, "episodes_total": 5866664, "approx_exploitability": 0.5278}
{"timesteps_total": 73600000, "episodes_total": 6133332, "approx_exploitability": 0.5512999999999999}
{"timesteps_total": 76800000, "episodes_total": 6400000, "approx_exploitability": 0.6192}
{"timesteps_total": 80000000, "episodes_total": 6666664, "approx_exploitability": 0.5795}
{"timesteps_total": 83200000, "episodes_total": 6933332, "approx_exploitability": 0.6298}
{"timesteps_total": 86400000, "episodes_total": 7200000, "approx_exploitability": 0.4253}
{"timesteps_total": 89600000, "episodes_total": 7466664, "approx_exploitability": 0.47709999999999997}
{"timesteps_total": 92800000, "episodes_total": 7733332, "approx_exploitability": 0.5319}
{"timesteps_total": 96000000, "episodes_total": 8000000, "approx_exploitability": 0.6021000000000001}
{"timesteps_total": 99200000, "episodes_total": 8266664, "approx_exploitability": 0.5961}
{"timesteps_total": 102400000, "episodes_total": 8533332, "approx_exploitability": 0.5689}
{"timesteps_total": 105600000, "episodes_total": 8800000, "approx_exploitability": 0.4971}
{"timesteps_total": 108800000, "episodes_total": 9066664, "approx_exploitability": 0.5157}
{"timesteps_total": 112000000, "episodes_total": 9333332, "approx_exploitability": 0.6043000000000001}
{"timesteps_total": 115200000, "episodes_total": 9600000, "approx_exploitability": 0.44279999999999997}
{"timesteps_total": 118400000, "episodes_total": 9866664, "approx_exploitability": 0.4733}
{"timesteps_total": 120800000, "episodes_total": 10066664, "approx_exploitability": 0.519}
{"timesteps_total": 124000000, "episodes_total": 10333332, "approx_exploitability": 0.5787}
{"timesteps_total": 127200000, "episodes_total": 10600000, "approx_exploitability": 0.5367999999999999}
{"timesteps_total": 130400000, "episodes_total": 10866664, "approx_exploitability": 0.5854999999999999}
{"timesteps_total": 133600000, "episodes_total": 11133332, "approx_exploitability": 0.5225}
{"timesteps_total": 136800000, "episodes_total": 11400000, "approx_exploitability": 0.6246}
{"timesteps_total": 140000000, "episodes_total": 11666664, "approx_exploitability": 0.5375}
{"timesteps_total": 143200000, "episodes_total": 11933332, "approx_exploitability": 0.5323}
{"timesteps_total": 146400000, "episodes_total": 12200000, "approx_exploitability": 0.5443}
{"timesteps_total": 149600000, "episodes_total": 12466664, "approx_exploitability": 0.5027}
{"timesteps_total": 152800000, "episodes_total": 12733332, "approx_exploitability": 0.5165}
{"timesteps_total": 156000000, "episodes_total": 13000000, "approx_exploitability": 0.6457999999999999}
{"timesteps_total": 159200000, "episodes_total": 13266664, "approx_exploitability": 0.65}
{"timesteps_total": 162400000, "episodes_total": 13533332, "approx_exploitability": 0.6451}
{"timesteps_total": 165600000, "episodes_total": 13800000, "approx_exploitability": 0.5333}
{"timesteps_total": 168800000, "episodes_total": 14066664, "approx_exploitability": 0.4779}
{"timesteps_total": 172000000, "episodes_total": 14333332, "approx_exploitability": 0.4752}
{"timesteps_total": 175200000, "episodes_total": 14600000, "approx_exploitability": 0.6006}
