{"num_policies": [1, 2, 3, 4, 5, 6, 7, 8, 9, 10, 11, 12, 13, 14, 15, 16, 17, 18, 19, 20, 21, 22, 23, 24, 25, 26, 27, 28, 29, 30, 31, 32, 33, 34, 35, 36, 37, 38, 39, 40, 41, 42, 43, 44, 45, 46, 47, 48, 49, 50, 51, 52, 53], "exploitability": [0.9857, 0.9571000000000001, 0.9346, 0.9288000000000001, 0.9037999999999999, 0.885, 0.8577, 0.7123999999999999, 0.7515000000000001, 0.7125, 0.6993, 0.5808, 0.6499999999999999, 0.5809, 0.565, 0.4899, 0.3974, 0.382, 0.31020000000000003, 0.27, 0.3967, 0.2581, 0.34450000000000003, 0.3295, 0.33730000000000004, 0.2227, 0.2933, 0.3419, 0.3257, 0.32089999999999996, 0.2081, 0.22499999999999998, 0.3004, 0.29269999999999996, 0.2901, 0.196, 0.3075, 0.3341, 0.2222, 0.2227, 0.2314, 0.2263, 0.24130000000000001, 0.0714, 0.1522, 0.16670000000000001, 0.10540000000000001, 0.183, 0.1478, 0.0705, 0.181, 0.08499999999999999, 0.0446], "timesteps": [3001344.0, 6003712.0, 9005056.0, 12007424.0, 15009792.0, 18011136.0, 21013504.0, 24015872.0, 27018240.0, 30020608.0, 33022976.0, 36025344.0, 39026688.0, 42029056.0, 45031424.0, 48033792.0, 51036160.0, 54038528.0, 57040896.0, 60043264.0, 63044608.0, 66046976.0, 69049344.0, 72051712.0, 75054080.0, 78056448.0, 81058816.0, 84061184.0, 87063552.0, 90065920.0, 93068288.0, 96070656.0, 99073024.0, 102075392.0, 105077760.0, 108080128.0, 111082496.0, 114084864.0, 117087232.0, 120089600.0, 123091968.0, 126094336.0, 129096704.0, 132099072.0, 135101440.0, 138103808.0, 141106176.0, 144108544.0, 147110912.0, 150113280.0, 153115648.0, 156118016.0, 159120384.0], "episodes": [249984.0, 500096.0, 750080.0, 1000192.0, 1250304.0, 1500288.0, 1750400.0, 2000512.0, 2250624.0, 2500736.0, 2750848.0, 3000960.0, 3250944.0, 3501056.0, 3751168.0, 4001280.0, 4251392.0, 4501504.0, 4751616.0, 5001728.0, 5251712.0, 5501824.0, 5751936.0, 6002048.0, 6252160.0, 6502272.0, 6752384.0, 7002496.0, 7252608.0, 7502720.0, 7752832.0, 8002944.0, 8253056.0, 8503168.0, 8753280.0, 9003392.0, 9253504.0, 9503616.0, 9753728.0, 10003840.0, 10253952.0, 10504064.0, 10754176.0, 11004288.0, 11254400.0, 11504512.0, 11754624.0, 12004736.0, 12254848.0, 12504960.0, 12755072.0, 13005184.0, 13255296.0]}