{"num_policies": [1, 2, 3, 4, 5, 6, 7, 8, 9, 10, 11, 12, 13, 14, 15, 16, 17, 18, 19, 20, 21, 22, 23, 24, 25, 26, 27, 28, 29, 30, 31, 32, 33, 34, 35, 36, 37, 38, 39, 40, 41, 42, 43, 44, 45], "exploitability": [2.5, 2.499869834120028, 2.49986529238005, 2.4995761667523144, 2.011733422070008, 2.499817142489115, 2.112396980020771, 2.3552092900088235, 1.967185849222296, 2.396122922505884, 2.1536541387969246, 2.376198280304756, 2.322533126589897, 2.089256997783796, 2.3309404701971896, 2.2482518107306713, 2.185566167793787, 2.1726652385681566, 2.158988542041951, 2.072273469499552, 1.9326734410746544, 2.19131544201885, 2.2253399401165916, 2.1727294930274423, 1.865596765322724, 1.943520819980671, 1.9413707537066993, 2.1060118204385665, 1.9546210325860727, 1.9697603946118019, 1.854526033241581, 1.8773249481325194, 1.9582745797751984, 1.926543009662017, 1.8892792554254247, 1.893060771979525, 1.8724695962409088, 1.8881877617901375, 1.749616109521744, 1.6981075830560435, 1.8729677321716847, 1.702445896425273, 1.739021796198135, 1.7652419113324591, 1.6225021256913361], "timesteps": [0, 1501184, 3003392, 4504576, 6007808, 7508992, 9011200, 10512384, 12013568, 13514752, 15015936, 16517120, 18018304, 19519488, 21020672, 22521856, 24023040, 25524224, 27025408, 28526592, 30027776, 31528960, 33030144, 34531328, 36032512, 37533696, 39034880, 40536064, 42037248, 43538432, 45039616, 46540800, 48041984, 49543168, 51044352, 52545536, 54046720, 55547904, 57049088, 58550272, 60051456, 61552640, 63053824, 64555008, 66056192], "episodes": [0, 156426, 312589, 468239, 624237, 775862, 932862, 1089153, 1244706, 1397141, 1551612, 1705455, 1858932, 2011638, 2161404, 2313345, 2467719, 2619694, 2771455, 2922106, 3074473, 3225711, 3377973, 3530928, 3683312, 3835731, 3987340, 4139482, 4293088, 4444184, 4594730, 4745734, 4895466, 5046906, 5197112, 5347597, 5498208, 5649624, 5801485, 5951874, 6102944, 6254711, 6404497, 6555309, 6705776], "payoff_table_checkpoint_num": [1, 3, 5, 7, 9, 11, 13, 15, 17, 19, 21, 23, 25, 27, 29, 31, 33, 35, 37, 39, 41, 43, 45, 47, 49, 51, 53, 55, 57, 59, 61, 63, 65, 67, 69, 71, 73, 75, 77, 79, 81, 83, 85, 87, 89], "payoff_table_checkpoint_path": ["/home/jblanier/git/grl/grl/data/battleship_psro_dqn/manager_01.36.01AM_May-16-2022/payoff_table_checkpoints/payoff_table_checkpoint_1.json", "/home/jblanier/git/grl/grl/data/battleship_psro_dqn/manager_01.36.01AM_May-16-2022/payoff_table_checkpoints/payoff_table_checkpoint_3.json", "/home/jblanier/git/grl/grl/data/battleship_psro_dqn/manager_01.36.01AM_May-16-2022/payoff_table_checkpoints/payoff_table_checkpoint_5.json", "/home/jblanier/git/grl/grl/data/battleship_psro_dqn/manager_01.36.01AM_May-16-2022/payoff_table_checkpoints/payoff_table_checkpoint_7.json", "/home/jblanier/git/grl/grl/data/battleship_psro_dqn/manager_01.36.01AM_May-16-2022/payoff_table_checkpoints/payoff_table_checkpoint_9.json", "/home/jblanier/git/grl/grl/data/battleship_psro_dqn/manager_01.36.01AM_May-16-2022/payoff_table_checkpoints/payoff_table_checkpoint_11.json", "/home/jblanier/git/grl/grl/data/battleship_psro_dqn/manager_01.36.01AM_May-16-2022/payoff_table_checkpoints/payoff_table_checkpoint_13.json", "/home/jblanier/git/grl/grl/data/battleship_psro_dqn/manager_01.36.01AM_May-16-2022/payoff_table_checkpoints/payoff_table_checkpoint_15.json", "/home/jblanier/git/grl/grl/data/battleship_psro_dqn/manager_01.36.01AM_May-16-2022/payoff_table_checkpoints/payoff_table_checkpoint_17.json", "/home/jblanier/git/grl/grl/data/battleship_psro_dqn/manager_01.36.01AM_May-16-2022/payoff_table_checkpoints/payoff_table_checkpoint_19.json", "/home/jblanier/git/grl/grl/data/battleship_psro_dqn/manager_01.36.01AM_May-16-2022/payoff_table_checkpoints/payoff_table_checkpoint_21.json", "/home/jblanier/git/grl/grl/data/battleship_psro_dqn/manager_01.36.01AM_May-16-2022/payoff_table_checkpoints/payoff_table_checkpoint_23.json", "/home/jblanier/git/grl/grl/data/battleship_psro_dqn/manager_01.36.01AM_May-16-2022/payoff_table_checkpoints/payoff_table_checkpoint_25.json", "/home/jblanier/git/grl/grl/data/battleship_psro_dqn/manager_01.36.01AM_May-16-2022/payoff_table_checkpoints/payoff_table_checkpoint_27.json", "/home/jblanier/git/grl/grl/data/battleship_psro_dqn/manager_01.36.01AM_May-16-2022/payoff_table_checkpoints/payoff_table_checkpoint_29.json", "/home/jblanier/git/grl/grl/data/battleship_psro_dqn/manager_01.36.01AM_May-16-2022/payoff_table_checkpoints/payoff_table_checkpoint_31.json", "/home/jblanier/git/grl/grl/data/battleship_psro_dqn/manager_01.36.01AM_May-16-2022/payoff_table_checkpoints/payoff_table_checkpoint_33.json", "/home/jblanier/git/grl/grl/data/battleship_psro_dqn/manager_01.36.01AM_May-16-2022/payoff_table_checkpoints/payoff_table_checkpoint_35.json", "/home/jblanier/git/grl/grl/data/battleship_psro_dqn/manager_01.36.01AM_May-16-2022/payoff_table_checkpoints/payoff_table_checkpoint_37.json", "/home/jblanier/git/grl/grl/data/battleship_psro_dqn/manager_01.36.01AM_May-16-2022/payoff_table_checkpoints/payoff_table_checkpoint_39.json", "/home/jblanier/git/grl/grl/data/battleship_psro_dqn/manager_01.36.01AM_May-16-2022/payoff_table_checkpoints/payoff_table_checkpoint_41.json", "/home/jblanier/git/grl/grl/data/battleship_psro_dqn/manager_01.36.01AM_May-16-2022/payoff_table_checkpoints/payoff_table_checkpoint_43.json", "/home/jblanier/git/grl/grl/data/battleship_psro_dqn/manager_01.36.01AM_May-16-2022/payoff_table_checkpoints/payoff_table_checkpoint_45.json", "/home/jblanier/git/grl/grl/data/battleship_psro_dqn/manager_01.36.01AM_May-16-2022/payoff_table_checkpoints/payoff_table_checkpoint_47.json", "/home/jblanier/git/grl/grl/data/battleship_psro_dqn/manager_01.36.01AM_May-16-2022/payoff_table_checkpoints/payoff_table_checkpoint_49.json", "/home/jblanier/git/grl/grl/data/battleship_psro_dqn/manager_01.36.01AM_May-16-2022/payoff_table_checkpoints/payoff_table_checkpoint_51.json", "/home/jblanier/git/grl/grl/data/battleship_psro_dqn/manager_01.36.01AM_May-16-2022/payoff_table_checkpoints/payoff_table_checkpoint_53.json", "/home/jblanier/git/grl/grl/data/battleship_psro_dqn/manager_01.36.01AM_May-16-2022/payoff_table_checkpoints/payoff_table_checkpoint_55.json", "/home/jblanier/git/grl/grl/data/battleship_psro_dqn/manager_01.36.01AM_May-16-2022/payoff_table_checkpoints/payoff_table_checkpoint_57.json", "/home/jblanier/git/grl/grl/data/battleship_psro_dqn/manager_01.36.01AM_May-16-2022/payoff_table_checkpoints/payoff_table_checkpoint_59.json", "/home/jblanier/git/grl/grl/data/battleship_psro_dqn/manager_01.36.01AM_May-16-2022/payoff_table_checkpoints/payoff_table_checkpoint_61.json", "/home/jblanier/git/grl/grl/data/battleship_psro_dqn/manager_01.36.01AM_May-16-2022/payoff_table_checkpoints/payoff_table_checkpoint_63.json", "/home/jblanier/git/grl/grl/data/battleship_psro_dqn/manager_01.36.01AM_May-16-2022/payoff_table_checkpoints/payoff_table_checkpoint_65.json", "/home/jblanier/git/grl/grl/data/battleship_psro_dqn/manager_01.36.01AM_May-16-2022/payoff_table_checkpoints/payoff_table_checkpoint_67.json", "/home/jblanier/git/grl/grl/data/battleship_psro_dqn/manager_01.36.01AM_May-16-2022/payoff_table_checkpoints/payoff_table_checkpoint_69.json", "/home/jblanier/git/grl/grl/data/battleship_psro_dqn/manager_01.36.01AM_May-16-2022/payoff_table_checkpoints/payoff_table_checkpoint_71.json", "/home/jblanier/git/grl/grl/data/battleship_psro_dqn/manager_01.36.01AM_May-16-2022/payoff_table_checkpoints/payoff_table_checkpoint_73.json", "/home/jblanier/git/grl/grl/data/battleship_psro_dqn/manager_01.36.01AM_May-16-2022/payoff_table_checkpoints/payoff_table_checkpoint_75.json", "/home/jblanier/git/grl/grl/data/battleship_psro_dqn/manager_01.36.01AM_May-16-2022/payoff_table_checkpoints/payoff_table_checkpoint_77.json", "/home/jblanier/git/grl/grl/data/battleship_psro_dqn/manager_01.36.01AM_May-16-2022/payoff_table_checkpoints/payoff_table_checkpoint_79.json", 